Query	MUrl	PUrl	Fidelity_Control	Fidelity_Treatment	InL1WithoutSpaceV	Experiment_InL1WithoutSpaceV
Alpina Farbenfreude Eisbärweiß gestrichen Zimmer	https://www.alpina-farben.at/fileadmin/InterfaceAssets/alpina_at/misc_image/AF018623_11_Schlafzimmer_Schrank_Alpinaweiss_016.jpg	https://www.alpina-farben.at/produkt/alpinaweiss-das-original-spritzfrei/	0	0.5	False	True
bustling street Tokyo picture	https://img.freepik.com/premium-photo/bustling-street-scene-tokyo-japan-featuring-crowd-people-walking-past-shops-res_924727-79666.jpg	https://www.freepik.com/premium-ai-image/bustling-street-scene-tokyo-japan-featuring-crowd-people-walking-past-shops-res_288195671.htm	0.4	0.76	True	True
bustling street Tokyo picture	https://images.pexels.com/photos/29761018/pexels-photo-29761018/free-photo-of-bustling-tokyo-street-scene-in-autumn.jpeg?auto=compress&cs=tinysrgb&w=1260&h=750&dpr=1	https://www.pexels.com/photo/bustling-tokyo-street-scene-in-autumn-29761018/	0.4	0.76	False	True
bustling street Tokyo picture	https://c8.alamy.com/comp/2RK528P/a-bustling-street-scene-filled-with-people-night-time-in-shinjuku-district-tokyo-japan-2RK528P.jpg	https://www.alamy.com/a-bustling-street-scene-filled-with-people-night-time-in-shinjuku-district-tokyo-japan-image562521814.html	0.4	0.76	True	True
bustling street Tokyo picture	https://images.pexels.com/photos/31037752/pexels-photo-31037752/free-photo-of-bustling-tokyo-street-with-neon-signs-and-crowds.jpeg?auto=compress&cs=tinysrgb&w=1260&h=750&dpr=1	https://www.pexels.com/photo/bustling-tokyo-street-with-neon-signs-and-crowds-31037752/	0.4	0.76	False	True
bustling street Tokyo picture	https://images.pexels.com/photos/31025549/pexels-photo-31025549/free-photo-of-bustling-shopping-street-in-shibuya-tokyo.jpeg?auto=compress&cs=tinysrgb&w=1260&h=750&dpr=1	https://www.pexels.com/photo/bustling-shopping-street-in-shibuya-tokyo-31025549/	0.4	0.76	False	True
bustling street Tokyo picture	https://images.pexels.com/photos/30950605/pexels-photo-30950605/free-photo-of-bustling-tokyo-street-crosswalk-at-dusk.jpeg?auto=compress&cs=tinysrgb&w=1260&h=750&dpr=2	https://www.pexels.com/photo/bustling-tokyo-street-crosswalk-at-dusk-30950605/	0.4	0.76	False	True
bustling street Tokyo picture	https://img.freepik.com/premium-photo/bustling-street-scene-tokyo-japan-featuring-crowd-people-walking-past-shops-res_924727-79666.jpg?w=2000	https://www.freepik.com/premium-ai-image/bustling-street-scene-tokyo-japan-featuring-crowd-people-walking-past-shops-res_288195671.htm	0.4	0.76	True	True
bustling street Tokyo picture	https://img.freepik.com/premium-photo/bustling-streets-shibuya-tokyo-urban-scene_1130573-5100.jpg?w=996	https://www.freepik.com/premium-ai-image/bustling-streets-shibuya-tokyo-urban-scene_139233434.htm	0.4	0.76	False	True
bustling street Tokyo picture	https://img.freepik.com/premium-photo/bustling-streets-shibuya-tokyo-urban-scene_1130573-5100.jpg	https://www.freepik.com/premium-ai-image/bustling-streets-shibuya-tokyo-urban-scene_139233434.htm	0.4	0.76	True	True
bustling street Tokyo picture	https://c8.alamy.com/comp/TX3EX8/pedestrians-on-bustling-modern-city-street-shibuya-tokyo-japan-TX3EX8.jpg	https://www.alamy.com/pedestrians-on-bustling-modern-city-street-shibuya-tokyo-japan-image257003776.html	0.4	0.76	True	True
bustling street Tokyo picture	https://images.pexels.com/photos/30950605/pexels-photo-30950605/free-photo-of-bustling-tokyo-street-crosswalk-at-dusk.jpeg?auto=compress&cs=tinysrgb&w=1260&h=750&dpr=1	https://www.pexels.com/photo/bustling-tokyo-street-crosswalk-at-dusk-30950605/	0.4	0.76	False	True
bustling street Tokyo picture	https://images.pexels.com/photos/31025549/pexels-photo-31025549/free-photo-of-bustling-shopping-street-in-shibuya-tokyo.jpeg?auto=compress&cs=tinysrgb&w=1260&h=750&dpr=2	https://www.pexels.com/photo/bustling-shopping-street-in-shibuya-tokyo-31025549/	0.4	0.76	False	True
bustling street Tokyo picture	https://images.pexels.com/photos/31037752/pexels-photo-31037752/free-photo-of-bustling-tokyo-street-with-neon-signs-and-crowds.jpeg?auto=compress&cs=tinysrgb&w=1260&h=750&dpr=2	https://www.pexels.com/photo/bustling-tokyo-street-with-neon-signs-and-crowds-31037752/	0.4	0.76	False	True
bustling street Tokyo picture	https://c8.alamy.com/comp/3AXN345/tokyo-japan-august-4-2024-a-vibrant-street-scene-in-shibuya-tokyo-bustling-with-pedestrians-and-colorful-signage-the-atmosphere-captures-the-d-3AXN345.jpg	https://www.alamy.com/tokyo-japan-august-4-2024-a-vibrant-street-scene-in-shibuya-tokyo-bustling-with-pedestrians-and-colorful-signage-the-atmosphere-captures-the-d-image670438501.html	0.4	0.76	True	True
bustling street Tokyo picture	https://images.pexels.com/photos/29761018/pexels-photo-29761018/free-photo-of-bustling-tokyo-street-scene-in-autumn.jpeg?auto=compress&cs=tinysrgb&w=1260&h=750&dpr=2	https://www.pexels.com/photo/bustling-tokyo-street-scene-in-autumn-29761018/	0.4	0.76	False	True
bustling street Tokyo picture	https://img.freepik.com/premium-photo/bustling-streets-shibuya-tokyo-urban-scene_1130573-5100.jpg?w=2000	https://www.freepik.com/premium-ai-image/bustling-streets-shibuya-tokyo-urban-scene_139233434.htm	0.4	0.76	False	True
bustling street Tokyo picture	https://images.pexels.com/photos/31048682/pexels-photo-31048682/free-photo-of-bustling-tokyo-street-with-people-and-signage.jpeg?auto=compress&cs=tinysrgb&w=1260&h=750&dpr=1	https://www.pexels.com/photo/bustling-tokyo-street-with-people-and-signage-31048682/	0.4	0.76	True	True
bustling street Tokyo picture	https://c8.alamy.com/comp/HPJ16Y/bustling-street-scape-of-busy-streets-of-kabukicho-shinjuku-tokyo-HPJ16Y.jpg	https://www.alamy.com/stock-photo-bustling-street-scape-of-busy-streets-of-kabukicho-shinjuku-tokyo-134391123.html	0.4	0.76	True	True
bustling street Tokyo picture	https://glint.home.blog/wp-content/uploads/2019/01/the-bustling-streets-of-shibuya-tokyo-japan.jpg	https://glint.home.blog/the-bustling-streets-of-shibuya-tokyo-japan/	0.4	0.76	True	True
bustling street Tokyo picture	https://c8.alamy.com/comp/2BWMD5X/tokyo-japan-august-6-2018-busy-streets-of-shinjuku-area-in-tokyo-japan-in-the-evening-people-crossing-the-busy-street-with-cars-2BWMD5X.jpg	https://www.alamy.com/tokyo-japan-august-6-2018-busy-streets-of-shinjuku-area-in-tokyo-japan-in-the-evening-people-crossing-the-busy-street-with-cars-image360023158.html	0.4	0.76	True	False
flip chart example	https://endurancelearning.com/wp-content/uploads/2013/06/flipchart-1-1568x1903.jpg	https://endurancelearning.com/blog/flipchart-examples/	0.428571433	0.7619048	False	True
flip chart example	https://endurancelearning.com/wp-content/uploads/2013/06/flipchart-1-844x1024.jpg	https://endurancelearning.com/blog/flipchart-examples/	0.428571433	0.7619048	True	True
flip chart example	https://media1.thehungryjpeg.com/thumbs2/ori_3746813_h3jvvgql6kz3tcbrwu2pif1gv9mtz6iactjtphb0_flip-chart-set-vector-office-whiteboard-different-types-presentation-seminar-sign-business-info-isolated-flat-illustration.jpg	https://thehungryjpeg.com/product/3746813-flip-chart-set-vector-office-whiteboard-different-types-presentation-seminar-sign-business-info-isolated-flat-illustration	0.428571433	0.7619048	True	True
flip chart example	https://endurancelearning.com/wp-content/uploads/2013/06/flipchart-4-1568x1629.jpg	https://endurancelearning.com/blog/flipchart-examples/	0.428571433	0.7619048	False	True
flip chart example	https://endurancelearning.com/wp-content/uploads/2013/06/flipchart-4.jpg	https://endurancelearning.com/blog/flipchart-examples/	0.428571433	0.7619048	False	True
flip chart example	https://endurancelearning.com/wp-content/uploads/2017/11/Dynamic-Flip-Chart-2.jpg	https://endurancelearning.com/blog/better-flipcharts/	0.428571433	0.7619048	False	True
flip chart example	https://endurancelearning.com/wp-content/uploads/2013/06/flipchart-1-1266x1536.jpg	https://endurancelearning.com/blog/flipchart-examples/	0.428571433	0.7619048	False	True
flip chart example	https://endurancelearning.com/wp-content/uploads/2013/06/flipchart-1-768x932.jpg	https://endurancelearning.com/blog/flipchart-examples/	0.428571433	0.7619048	False	True
flip chart example	https://endurancelearning.com/wp-content/uploads/2013/06/flipchart-4-1479x1536.jpg	https://endurancelearning.com/blog/flipchart-examples/	0.428571433	0.7619048	False	True
flip chart example	https://endurancelearning.com/wp-content/uploads/2013/06/flipchart-4-986x1024.jpg	https://endurancelearning.com/blog/flipchart-examples/	0.428571433	0.7619048	True	True
flip chart example	https://endurancelearning.com/wp-content/uploads/2013/06/flipchart-2-1568x1835.jpg	https://endurancelearning.com/blog/flipchart-examples/	0.428571433	0.7619048	True	True
flip chart example	https://c8.alamy.com/comp/P7C7BD/flip-chart-set-vector-office-whiteboard-different-types-presentation-seminar-sign-business-info-isolated-flat-illustration-P7C7BD.jpg	https://storage.googleapis.com/dvldjqzxpeewwe/flip-chart-writing.html	0.428571433	0.7619048	True	True
flip chart example	https://c8.alamy.com/comp/P7C7BD/flip-chart-set-vector-office-whiteboard-different-types-presentation-seminar-sign-business-info-isolated-flat-illustration-P7C7BD.jpg	https://www.alamy.com/flip-chart-set-vector-office-whiteboard-different-types-presentation-seminar-sign-business-info-isolated-flat-illustration-image211096241.html	0.428571433	0.7619048	True	True
flip chart example	https://media1.thehungryjpeg.com/thumbs/800_3746813_h3jvvgql6kz3tcbrwu2pif1gv9mtz6iactjtphb0.jpg	https://thehungryjpeg.com/product/3746813-flip-chart-set-vector-office-whiteboard-different-types-presentation-seminar-sign-business-info-isolated-flat-illustration	0.428571433	0.7619048	True	False
flip chart example	https://endurancelearning.com/wp-content/uploads/2017/11/Dynamic-Flip-Chart-1.jpg	https://endurancelearning.com/blog/better-flipcharts/	0.428571433	0.7619048	True	True
flip chart example	https://endurancelearning.com/wp-content/uploads/2013/06/flipchart-1.jpg	https://endurancelearning.com/blog/flipchart-examples/	0.428571433	0.7619048	False	True
flip chart example	https://endurancelearning.com/wp-content/uploads/2017/11/Use-Imagery.jpg	https://endurancelearning.com/blog/better-flipcharts/	0.428571433	0.7619048	True	True
relaxing movies or TV shows	https://tinybeans.com/wp-content/uploads/2023/10/Calming-TV-shows-to-watch.png?resize=768	https://tinybeans.com/calming-tv-shows-to-watch/	0.0222222228	0.466666669	False	True
relaxing movies or TV shows	https://tinybeans.com/wp-content/uploads/2023/10/Calming-TV-shows-to-watch.png?resize=768	https://tinybeans.com/calming-tv-shows-to-watch/	0.0222222228	0.466666669	False	True
relaxing movies or TV shows	https://tinybeans.com/wp-content/uploads/2023/10/Calming-TV-shows-to-watch.png?resize=768	https://tinybeans.com/calming-tv-shows-to-watch/	0.0222222228	0.466666669	False	True
relaxing movies or TV shows	https://tinybeans.com/wp-content/uploads/2023/10/Calming-TV-shows-to-watch.png?resize=320	https://tinybeans.com/calming-tv-shows-to-watch/	0.0222222228	0.466666669	False	True
relaxing movies or TV shows	https://tinybeans.com/wp-content/uploads/2023/10/Calming-TV-shows-to-watch.png?resize=320	https://tinybeans.com/calming-tv-shows-to-watch/	0.0222222228	0.466666669	False	True
relaxing movies or TV shows	https://tinybeans.com/wp-content/uploads/2023/10/Calming-TV-shows-to-watch.png?resize=320	https://tinybeans.com/calming-tv-shows-to-watch/	0.0222222228	0.466666669	False	True
relaxing movies or TV shows	https://api.time.com/wp-content/uploads/2015/02/parks-rec.jpeg?quality=75&w=1200	https://time.com/5802536/relaxing-tv-shows/	0.0222222228	0.466666669	False	True
relaxing movies or TV shows	https://tinybeans.com/wp-content/uploads/2023/10/Calming-TV-shows-to-watch.png?resize=1024	https://tinybeans.com/calming-tv-shows-to-watch/	0.0222222228	0.466666669	False	True
relaxing movies or TV shows	https://tinybeans.com/wp-content/uploads/2023/10/Calming-TV-shows-to-watch.png?resize=1024	https://tinybeans.com/calming-tv-shows-to-watch/	0.0222222228	0.466666669	False	True
relaxing movies or TV shows	https://tinybeans.com/wp-content/uploads/2023/10/Calming-TV-shows-to-watch.png?resize=1024	https://tinybeans.com/calming-tv-shows-to-watch/	0.0222222228	0.466666669	False	True
relaxing movies or TV shows	https://api.time.com/wp-content/uploads/2015/02/parks-rec.jpeg?quality=75&w=1920	https://time.com/5802536/relaxing-tv-shows/	0.0222222228	0.466666669	False	True
relaxing movies or TV shows	https://api.time.com/wp-content/uploads/2015/02/parks-rec.jpeg?quality=75&w=1440	https://time.com/5802536/relaxing-tv-shows/	0.0222222228	0.466666669	False	True
relaxing movies or TV shows	https://static0.colliderimages.com/wordpress/wp-content/uploads/2024/09/20-calming-movies-to-watch-when-you-need-to-relax.jpg?&fit=crop&w=1200&h=675	https://collider.com/calm-relaxing-movies-to-watch-list/	0.0222222228	0.466666669	True	True
relaxing movies or TV shows	https://api.time.com/wp-content/uploads/2015/02/parks-rec.jpeg?quality=75&w=1690	https://time.com/5802536/relaxing-tv-shows/	0.0222222228	0.466666669	False	True
relaxing movies or TV shows	https://api.time.com/wp-content/uploads/2015/02/parks-rec.jpeg?quality=75&w=1080	https://time.com/5802536/relaxing-tv-shows/	0.0222222228	0.466666669	False	True
relaxing movies or TV shows	https://tinybeans.com/wp-content/uploads/2023/10/Calming-TV-shows-to-watch.png?resize=150	https://tinybeans.com/calming-tv-shows-to-watch/	0.0222222228	0.466666669	False	True
relaxing movies or TV shows	https://tinybeans.com/wp-content/uploads/2023/10/Calming-TV-shows-to-watch.png?resize=150	https://tinybeans.com/calming-tv-shows-to-watch/	0.0222222228	0.466666669	False	True
relaxing movies or TV shows	https://tinybeans.com/wp-content/uploads/2023/10/Calming-TV-shows-to-watch.png?resize=150	https://tinybeans.com/calming-tv-shows-to-watch/	0.0222222228	0.466666669	False	True
relaxing movies or TV shows	https://tinybeans.com/wp-content/uploads/2023/10/Calming-TV-shows-to-watch.png?resize=300	https://tinybeans.com/calming-tv-shows-to-watch/	0.0222222228	0.466666669	False	True
relaxing movies or TV shows	https://tinybeans.com/wp-content/uploads/2023/10/Calming-TV-shows-to-watch.png?resize=300	https://tinybeans.com/calming-tv-shows-to-watch/	0.0222222228	0.466666669	False	True
relaxing movies or TV shows	https://tinybeans.com/wp-content/uploads/2023/10/Calming-TV-shows-to-watch.png?resize=300	https://tinybeans.com/calming-tv-shows-to-watch/	0.0222222228	0.466666669	False	True
robots humans building space station images	https://img.freepik.com/premium-photo/robots-are-building-space-station_951220-96879.jpg?w=996	https://www.freepik.com/premium-ai-image/robots-are-building-space-station_308097925.htm	0.173913047	1	False	True
robots humans building space station images	https://img.freepik.com/premium-photo/robots-are-building-space-station_951220-96846.jpg?w=2000	https://www.freepik.com/premium-ai-image/robots-are-building-space-station_308097661.htm	0.173913047	1	False	True
robots humans building space station images	https://img.freepik.com/premium-photo/robots-are-building-space-station_951220-96846.jpg?w=2000	https://www.freepik.com/premium-ai-image/robots-are-building-space-station_308097661.htm	0.173913047	1	False	True
robots humans building space station images	https://img.freepik.com/premium-photo/robots-are-building-space-station_951220-96846.jpg?w=996	https://www.freepik.com/premium-ai-image/robots-are-building-space-station_308097661.htm	0.173913047	1	False	True
robots humans building space station images	https://img.freepik.com/premium-photo/robots-are-building-space-station_951220-96846.jpg?w=996	https://www.freepik.com/premium-ai-image/robots-are-building-space-station_308097661.htm	0.173913047	1	False	True
robots humans building space station images	https://img.freepik.com/premium-photo/robots-are-building-space-station_951220-96846.jpg	https://www.freepik.com/premium-ai-image/robots-are-building-space-station_308097661.htm	0.173913047	1	True	True
robots humans building space station images	https://img.freepik.com/premium-photo/robots-are-building-space-station_951220-96846.jpg	https://www.freepik.com/premium-ai-image/robots-are-building-space-station_308097661.htm	0.173913047	1	True	True
robots humans building space station images	https://img.freepik.com/premium-photo/robots-are-building-space-station_951220-96879.jpg?w=900	https://www.freepik.com/premium-ai-image/robots-are-building-space-station_308097925.htm	0.173913047	1	False	True
robots humans building space station images	https://img.freepik.com/premium-photo/robots-are-building-space-station_951220-96879.jpg?w=826	https://www.freepik.com/premium-ai-image/robots-are-building-space-station_308097925.htm	0.173913047	1	False	True
robots humans building space station images	https://img.freepik.com/premium-photo/robots-are-building-space-station_951220-96879.jpg	https://www.freepik.com/premium-ai-image/robots-are-building-space-station_308097925.htm	0.173913047	1	True	True
robots humans building space station images	https://img.freepik.com/premium-photo/robots-are-building-space-station_951220-96846.jpg?w=1060	https://www.freepik.com/premium-ai-image/robots-are-building-space-station_308097661.htm	0.173913047	1	False	True
robots humans building space station images	https://img.freepik.com/premium-photo/robots-are-building-space-station_951220-96846.jpg?w=1060	https://www.freepik.com/premium-ai-image/robots-are-building-space-station_308097661.htm	0.173913047	1	False	True
robots humans building space station images	https://img.freepik.com/premium-photo/robots-are-building-space-station_951220-96846.jpg?w=740	https://www.freepik.com/premium-ai-image/robots-are-building-space-station_308097661.htm	0.173913047	1	False	True
robots humans building space station images	https://img.freepik.com/premium-photo/robots-are-building-space-station_951220-96846.jpg?w=740	https://www.freepik.com/premium-ai-image/robots-are-building-space-station_308097661.htm	0.173913047	1	False	True
robots humans building space station images	https://img.freepik.com/premium-photo/robots-are-building-space-station_951220-96846.jpg?w=900	https://www.freepik.com/premium-ai-image/robots-are-building-space-station_308097661.htm	0.173913047	1	False	True
robots humans building space station images	https://img.freepik.com/premium-photo/robots-are-building-space-station_951220-96846.jpg?w=900	https://www.freepik.com/premium-ai-image/robots-are-building-space-station_308097661.htm	0.173913047	1	False	True
robots humans building space station images	https://img.freepik.com/premium-photo/robots-are-building-space-station_951220-96587.jpg	https://www.freepik.com/premium-ai-image/robots-are-building-space-station_308095093.htm	0.173913047	1	True	True
robots humans building space station images	https://img.freepik.com/premium-photo/robots-are-building-space-station_951220-96846.jpg?w=1380	https://www.freepik.com/premium-ai-image/robots-are-building-space-station_308097661.htm	0.173913047	1	False	True
robots humans building space station images	https://img.freepik.com/premium-photo/robots-are-building-space-station_951220-96846.jpg?w=1380	https://www.freepik.com/premium-ai-image/robots-are-building-space-station_308097661.htm	0.173913047	1	False	True
robots humans building space station images	https://img.freepik.com/premium-photo/robots-are-building-space-station_951220-96846.jpg?w=1480	https://www.freepik.com/premium-ai-image/robots-are-building-space-station_308097661.htm	0.173913047	1	False	True
robots humans building space station images	https://img.freepik.com/premium-photo/robots-are-building-space-station_951220-96846.jpg?w=1480	https://www.freepik.com/premium-ai-image/robots-are-building-space-station_308097661.htm	0.173913047	1	False	True
robots humans building space station images	https://img.freepik.com/premium-photo/robots-are-building-space-station_951220-96846.jpg?w=826	https://www.freepik.com/premium-ai-image/robots-are-building-space-station_308097661.htm	0.173913047	1	False	True
robots humans building space station images	https://img.freepik.com/premium-photo/robots-are-building-space-station_951220-96846.jpg?w=826	https://www.freepik.com/premium-ai-image/robots-are-building-space-station_308097661.htm	0.173913047	1	False	True
Общага для психологов Гродно университет Янки Купалы	https://www.grsu.by/cache/widgetkit/gallery/2113/40353_2-b9196a926b.jpg	https://www.grsu.by/component/k2/item/24499-obshchezhitie-2.html	0.222222224	0.6666667	True	True
Общага для психологов Гродно университет Янки Купалы	https://www.grsu.by/cache/widgetkit/gallery/2111/44242_4-4926299b0b.png	https://www.grsu.by/component/k2/item/24496-obshchezhitie-5.html	0.222222224	0.6666667	False	True
Общага для психологов Гродно университет Янки Купалы	https://www.grsu.by/images/Obchezhitiya/5/44242_1.png	https://www.grsu.by/component/k2/item/24496-obshchezhitie-5.html	0.222222224	0.6666667	False	True
Общага для психологов Гродно университет Янки Купалы	https://www.grsu.by/images/Obchezhitiya/ob3int.jpg	https://www.grsu.by/component/k2/item/24498-obshchezhitie-3.html	0.222222224	0.6666667	True	True
Общага для психологов Гродно университет Янки Купалы	https://www.grsu.by/images/Obchezhitiya/5/44242_0.png	https://www.grsu.by/component/k2/item/24496-obshchezhitie-5.html	0.222222224	0.6666667	False	True
Общага для психологов Гродно университет Янки Купалы	https://www.grsu.by/images/Obchezhitiya/5/44242_4.png	https://www.grsu.by/component/k2/item/24496-obshchezhitie-5.html	0.222222224	0.6666667	False	True
качественные обои улицы Токио	http://wp.widewallpapers.ru/2k/cities/tokyo/1920x1200/Tokyo-1920x1200-026.jpg	https://www.widewallpapers.ru/p/cities/tokyo-wallpapers-3.shtml	0.2972973	0.6756757	False	True
качественные обои улицы Токио	https://kartinki.pics/uploads/posts/2021-07/1625694418_21-kartinkin-com-p-tokio-oboi-krasivie-24.jpg	https://kartinki.pics/30554-tokio-oboi.html	0.2972973	0.6756757	True	True
качественные обои улицы Токио	http://wp.widewallpapers.ru/2k/cities/tokyo/1920x1080/Tokyo-1920x1080-037.jpg	https://www.widewallpapers.ru/p/cities/tokyo-wallpapers-4.shtml	0.2972973	0.6756757	False	True
качественные обои улицы Токио	http://wp.widewallpapers.ru/2k/cities/tokyo/1920x1080/Tokyo-1920x1080-010.jpg	https://www.widewallpapers.ru/p/cities/tokyo-wallpapers.shtml	0.2972973	0.6756757	True	True
качественные обои улицы Токио	https://kartinki.pics/uploads/posts/2021-07/1625694383_5-kartinkin-com-p-tokio-oboi-krasivie-6.jpg	https://kartinki.pics/30554-tokio-oboi.html	0.2972973	0.6756757	True	True
качественные обои улицы Токио	http://wp.widewallpapers.ru/2k/cities/tokyo/1600x900/Tokyo-1600x900-026.jpg	https://www.widewallpapers.ru/p/cities/tokyo-wallpapers-3.shtml	0.2972973	0.6756757	False	True
качественные обои улицы Токио	http://wp.widewallpapers.ru/2k/cities/tokyo/1366x768/Tokyo-1366x768-010.jpg	https://www.widewallpapers.ru/p/cities/tokyo-wallpapers.shtml	0.2972973	0.6756757	False	True
качественные обои улицы Токио	http://wp.widewallpapers.ru/2k/cities/tokyo/1920x1200/Tokyo-1920x1200-010.jpg	https://www.widewallpapers.ru/p/cities/tokyo-wallpapers.shtml	0.2972973	0.6756757	True	True
качественные обои улицы Токио	http://wp.widewallpapers.ru/cities/japan/tokyo/1920x1080/Tokyo-1920x1080-002.jpg	https://www.widewallpapers.ru/p/cities/japan/tokyo-desktop-wallpapers-1.shtml	0.2972973	0.6756757	False	True
качественные обои улицы Токио	http://wp.widewallpapers.ru/2k/cities/tokyo/1920x1200/Tokyo-1920x1200-037.jpg	https://www.widewallpapers.ru/p/cities/tokyo-wallpapers-4.shtml	0.2972973	0.6756757	True	True
качественные обои улицы Токио	http://wp.widewallpapers.ru/2k/cities/tokyo/1920x1080/Tokyo-1920x1080-026.jpg	https://www.widewallpapers.ru/p/cities/tokyo-wallpapers-3.shtml	0.2972973	0.6756757	False	True
качественные обои улицы Токио	http://wp.widewallpapers.ru/2k/cities/tokyo/1680x1050/Tokyo-1680x1050-038.jpg	https://www.widewallpapers.ru/p/cities/tokyo-wallpapers-4.shtml	0.2972973	0.6756757	False	True
качественные обои улицы Токио	https://kartinki.pics/uploads/posts/2021-07/1625694444_46-kartinkin-com-p-tokio-oboi-krasivie-52.jpg	https://kartinki.pics/30554-tokio-oboi.html	0.2972973	0.6756757	True	True
качественные обои улицы Токио	https://images.wallpaperscraft.ru/image/single/ulitsa_neon_nochnoj_gorod_139596_2560x1440.jpg	https://wallpaperscraft.ru/download/ulitsa_neon_nochnoj_gorod_139596/2560x1440	0.2972973	0.6756757	True	True
качественные обои улицы Токио	http://wp.widewallpapers.ru/2k/cities/tokyo/1440x900/Tokyo-1440x900-037.jpg	https://www.widewallpapers.ru/p/cities/tokyo-wallpapers-4.shtml	0.2972973	0.6756757	False	True
качественные обои улицы Токио	http://wp.widewallpapers.ru/2k/cities/tokyo/1600x900/Tokyo-1600x900-038.jpg	https://www.widewallpapers.ru/p/cities/tokyo-wallpapers-4.shtml	0.2972973	0.6756757	False	True
качественные обои улицы Токио	https://get.wallhere.com/photo/1920x1080-px-cityscape-Japan-night-street-1228855.jpg	https://deviceart.ru/15799-nocnoi-tokio-oboi	0.2972973	0.6756757	True	True
качественные обои улицы Токио	http://wp.widewallpapers.ru/2k/cities/tokyo/1680x1050/Tokyo-1680x1050-026.jpg	https://www.widewallpapers.ru/p/cities/tokyo-wallpapers-3.shtml	0.2972973	0.6756757	False	True
качественные обои улицы Токио	http://wp.widewallpapers.ru/2k/cities/tokyo/1920x1200/Tokyo-1920x1200-038.jpg	https://www.widewallpapers.ru/p/cities/tokyo-wallpapers-4.shtml	0.2972973	0.6756757	False	True
качественные обои улицы Токио	http://wp.widewallpapers.ru/cities/japan/tokyo/2560x1600/Tokyo-2560x1600-002.jpg	https://www.widewallpapers.ru/p/cities/japan/tokyo-desktop-wallpapers-1.shtml	0.2972973	0.6756757	False	True
качественные обои улицы Токио	http://wp.widewallpapers.ru/2k/cities/tokyo/1366x768/Tokyo-1366x768-038.jpg	https://www.widewallpapers.ru/p/cities/tokyo-wallpapers-4.shtml	0.2972973	0.6756757	False	True
качественные обои улицы Токио	https://u-stena.ru/upload/iblock/cde/cde47adb7b6574f694a31f4c6b4f5e9f.jpg	https://u-stena.ru/katalog-fotooboev/nochnye-goroda/yarkie-ulitsy-nochnogo-tokio-yaponiya_080107/	0.2972973	0.6756757	True	True
качественные обои улицы Токио	https://99px.ru/sstorage/53/2019/05/tmb_260897_505293.jpg	https://wallpapers.99px.ru/wallpapers/260897/	0.2972973	0.6756757	True	True
качественные обои улицы Токио	http://wp.widewallpapers.ru/2k/cities/tokyo/1600x900/Tokyo-1600x900-010.jpg	https://www.widewallpapers.ru/p/cities/tokyo-wallpapers.shtml	0.2972973	0.6756757	False	True
качественные обои улицы Токио	http://wp.widewallpapers.ru/2k/cities/tokyo/1600x900/Tokyo-1600x900-037.jpg	https://www.widewallpapers.ru/p/cities/tokyo-wallpapers-4.shtml	0.2972973	0.6756757	True	True
Beigeordneter Maikammer	https://gruene-maikima.de/wp-content/uploads/10_Klaus-Frenzel-scaled.jpg	https://gruene-maikima.de/unser-kandidatinnen-team-fuer-den-vg-rat-og-rat-maikammer/	0.545454562	0.909090936	False	True
Beigeordneter Maikammer	https://gruene-maikima.de/wp-content/uploads/08_Bodo-Redner-scaled.jpg	https://gruene-maikima.de/unser-kandidatinnen-team-fuer-den-vg-rat-og-rat-maikammer/	0.545454562	0.909090936	False	True
Beigeordneter Maikammer	https://gruene-maikima.de/wp-content/uploads/05_Mark-Felix-Rettberg-scaled.jpg	https://gruene-maikima.de/unser-kandidatinnen-team-fuer-den-vg-rat-og-rat-maikammer/	0.545454562	0.909090936	False	True
Beigeordneter Maikammer	https://www.pfalz-express.de/wp-content/uploads/2019/08/P1080016-1024x808.jpg	https://www.pfalz-express.de/konstituierende-sitzung-der-vg-maikammer-nadine-anton-und-timo-glaser-unterstuetzen-verbandsbuergermeisterin-als-beigeordnete/	0.545454562	0.909090936	True	True
Beigeordneter Maikammer	https://www.pfalz-express.de/wp-content/uploads/2019/08/P1080016-1024x808.jpg	https://www.pfalz-express.de/konstituierende-sitzung-der-vg-maikammer-nadine-anton-und-timo-glaser-unterstuetzen-verbandsbuergermeisterin-als-beigeordnete/	0.545454562	0.909090936	True	True
Beigeordneter Maikammer	https://gruene-maikima.de/wp-content/uploads/12_Heiko-Tessmann-scaled.jpg	https://gruene-maikima.de/unser-kandidatinnen-team-fuer-den-vg-rat-og-rat-maikammer/	0.545454562	0.909090936	False	True
Beigeordneter Maikammer	https://www.pfalz-express.de/wp-content/uploads/2019/08/P1080015-1024x976.jpg	https://www.pfalz-express.de/konstituierende-sitzung-der-vg-maikammer-nadine-anton-und-timo-glaser-unterstuetzen-verbandsbuergermeisterin-als-beigeordnete/	0.545454562	0.909090936	True	True
Beigeordneter Maikammer	https://www.pfalz-express.de/wp-content/uploads/2019/08/P1080015-1024x976.jpg	https://www.pfalz-express.de/konstituierende-sitzung-der-vg-maikammer-nadine-anton-und-timo-glaser-unterstuetzen-verbandsbuergermeisterin-als-beigeordnete/	0.545454562	0.909090936	True	True
Beigeordneter Maikammer	https://www.pfalz-express.de/wp-content/uploads/2019/08/P1080015-620x591.jpg	https://www.pfalz-express.de/konstituierende-sitzung-der-vg-maikammer-nadine-anton-und-timo-glaser-unterstuetzen-verbandsbuergermeisterin-als-beigeordnete/	0.545454562	0.909090936	True	True
Beigeordneter Maikammer	https://www.pfalz-express.de/wp-content/uploads/2019/08/P1080015-620x591.jpg	https://www.pfalz-express.de/konstituierende-sitzung-der-vg-maikammer-nadine-anton-und-timo-glaser-unterstuetzen-verbandsbuergermeisterin-als-beigeordnete/	0.545454562	0.909090936	True	True
Golden hour drone shot Eiffel Tower images	https://thumbs.dreamstime.com/z/capture-timeless-beauty-iconic-eiffel-tower-paris-france-as-stands-tall-against-clear-dusky-sky-bathed-warm-288886846.jpg	https://www.dreamstime.com/capture-timeless-beauty-iconic-eiffel-tower-paris-france-as-stands-tall-against-clear-dusky-sky-bathed-warm-image288886846	0.06666667	0.533333361	False	True
Golden hour drone shot Eiffel Tower images	https://i.etsystatic.com/41966184/r/il/8bb5c0/4872480038/il_1080xN.4872480038_k02d.jpg	https://www.etsy.com/listing/1474247791/golden-hour-above-the-eiffel-tower-high	0.06666667	0.533333361	False	True
Golden hour drone shot Eiffel Tower images	https://i.etsystatic.com/41966184/r/il/8bb5c0/4872480038/il_1080xN.4872480038_k02d.jpg	https://www.etsy.com/listing/1474247791/golden-hour-above-the-eiffel-tower-high	0.06666667	0.533333361	False	True
Golden hour drone shot Eiffel Tower images	https://i.etsystatic.com/41966184/r/il/8bb5c0/4872480038/il_fullxfull.4872480038_k02d.jpg	https://www.etsy.com/listing/1474247791/golden-hour-above-the-eiffel-tower-high	0.06666667	0.533333361	False	True
Golden hour drone shot Eiffel Tower images	https://i.etsystatic.com/41966184/r/il/8bb5c0/4872480038/il_fullxfull.4872480038_k02d.jpg	https://www.etsy.com/listing/1474247791/golden-hour-above-the-eiffel-tower-high	0.06666667	0.533333361	False	True
Golden hour drone shot Eiffel Tower images	https://thumbs.dreamstime.com/b/drone-shot-eiffel-tower-sunrise-golden-light-rising-sun-bathes-tower-surrounding-city-wa-330982289.jpg	https://www.dreamstime.com/drone-shot-eiffel-tower-sunrise-golden-light-rising-sun-bathes-tower-surrounding-city-wa-video330982289	0.06666667	0.533333361	True	True
Golden hour drone shot Eiffel Tower images	https://i.etsystatic.com/41966184/r/il/8bb5c0/4872480038/il_1588xN.4872480038_k02d.jpg	https://www.etsy.com/listing/1474247791/golden-hour-above-the-eiffel-tower-high	0.06666667	0.533333361	False	True
Golden hour drone shot Eiffel Tower images	https://i.etsystatic.com/41966184/r/il/8bb5c0/4872480038/il_1588xN.4872480038_k02d.jpg	https://www.etsy.com/listing/1474247791/golden-hour-above-the-eiffel-tower-high	0.06666667	0.533333361	False	True
best haircuts for muscular guys with chubby cheeks	https://thevou.com/wp-content/uploads/2025/04/Side-Swept-Fringe-with-Fade-Chubby-Face-Hairstyle-683x1024.jpg	https://thevou.com/blog/hairstyles-chubby-face-male/	0	0.333333343	False	True
best haircuts for muscular guys with chubby cheeks	https://thevou.com/wp-content/uploads/2025/04/Side-Swept-Fringe-with-Fade-Chubby-Face-Hairstyle-768x1152.jpg	https://thevou.com/blog/hairstyles-chubby-face-male/	0	0.333333343	False	True
castles and cottages images	https://buildgreennh.com/wp-content/uploads/2025/04/16-contemporary-castle-style-cottage-asymmetrical-multi-tower-structure-stone-construction-steeply-pitched-slate-roof-narrow-arched-windows-683x1024.jpg	https://buildgreennh.com/castle-cottages/	0.209302321	0.5813953	False	True
castles and cottages images	https://tinyhousetalk.com/wp-content/uploads/Mollys-Lodge-Tiny-English-Castle-for-sale-6.jpg	http://tinyhousetalk.com/mollys-lodge-tiny-english-castle-for-sale/	0.209302321	0.5813953	True	True
castles and cottages images	https://buildgreennh.com/wp-content/uploads/2025/04/17-Contemporary-castle-style-cottage-symmetrical-multi-story-facade-stone-masonry-with-decorative-elements-prominent-conical-and-gabled-sections-683x1024.jpg	https://buildgreennh.com/castle-cottages/	0.209302321	0.5813953	False	True
castles and cottages images	https://buildgreennh.com/wp-content/uploads/2025/04/17-Contemporary-castle-style-cottage-symmetrical-multi-story-facade-stone-masonry-with-decorative-elements-prominent-conical-and-gabled-sections.jpg	https://buildgreennh.com/castle-cottages/	0.209302321	0.5813953	False	True
castles and cottages images	https://i.pinimg.com/originals/b5/06/43/b50643105937ea93650db388e5471ce1.jpg	https://www.pinterest.com/pin/a-whimsical-stone-cottage-with-pointed-turrets-check-out-the-whimsical-allure-of-castle-style-cotta-in-2025--3659243440886616/	0.209302321	0.5813953	True	True
castles and cottages images	https://buildgreennh.com/wp-content/uploads/2025/04/22-Contemporary-castle-style-cottage-asymmetrical-multi-story-facade-stone-exterior-steep-gabled-roofing-with-traditional-slate-tiles-large-683x1024.jpg	https://buildgreennh.com/castle-cottages/	0.209302321	0.5813953	False	True
castles and cottages images	https://buildgreennh.com/wp-content/uploads/2025/04/10-Contemporary-castle-style-cottage-asymmetrical-multi-tiered-facade-stone-masonry-cladding-timber-accents-steeply-pitched-slate-roof-arched-and-683x1024.jpg	https://buildgreennh.com/castle-cottages/	0.209302321	0.5813953	False	True
castles and cottages images	https://buildgreennh.com/wp-content/uploads/2025/04/25-contemporary-castle-style-cottage-multi-turreted-multi-story-facade-stone-exterior-slate-roofing-with-conical-towers-narrow-arched-windows-grand-683x1024.jpg	https://buildgreennh.com/castle-cottages/	0.209302321	0.5813953	False	True
castles and cottages images	https://buildgreennh.com/wp-content/uploads/2025/04/1-Contemporary-castle-style-cottage-complex-multi-turreted-structure-rustic-stone-masonry-slate-roofing-with-varied-pitches-small-arched-windows-683x1024.jpg	https://buildgreennh.com/castle-cottages/	0.209302321	0.5813953	False	True
castles and cottages images	https://buildgreennh.com/wp-content/uploads/2025/04/12-Contemporary-castle-style-cottage-multi-towered-and-irregularly-shaped-structure-stone-and-brick-veneer-decorative-stone-embellishments-conical-768x1152.jpg	https://buildgreennh.com/castle-cottages/	0.209302321	0.5813953	False	True
castles and cottages images	https://buildgreennh.com/wp-content/uploads/2025/04/9-Tudor-style-castle-cottage-asymmetrical-multi-tower-structure-traditional-stone-masonry-conical-slate-roof-on-main-tower-small-leaded-glass-683x1024.jpg	https://buildgreennh.com/castle-cottages/	0.209302321	0.5813953	False	True
castles and cottages images	http://blogthetravel.com/wp-content/uploads/2023/04/img_9247-rejig.webp	https://www.blogthetravel.com/a-unique-stay-national-trust-holiday-cottages-and-castles/	0.209302321	0.5813953	True	True
castles and cottages images	https://highlandscastle.com/assets/photos/Highlands Castle with Castle Cottage aerial 2020 (2)-202152318305.jpg	https://highlandscastle.com/accommodations/castle-cottage/	0.209302321	0.5813953	True	True
castles and cottages images	https://buildgreennh.com/wp-content/uploads/2025/04/16-contemporary-castle-style-cottage-asymmetrical-multi-tower-structure-stone-construction-steeply-pitched-slate-roof-narrow-arched-windows-768x1152.jpg	https://buildgreennh.com/castle-cottages/	0.209302321	0.5813953	False	True
castles and cottages images	https://buildgreennh.com/wp-content/uploads/2025/04/17-Contemporary-castle-style-cottage-symmetrical-multi-story-facade-stone-masonry-with-decorative-elements-prominent-conical-and-gabled-sections-768x1152.jpg	https://buildgreennh.com/castle-cottages/	0.209302321	0.5813953	False	True
castles and cottages images	https://c8.alamy.com/comp/T6KR9G/hever-castle-cottages-in-the-grounds-of-the-castle-in-kent-near-edenbridge-ancestral-home-of-anne-boleyn-second-wife-to-king-henry-viii-T6KR9G.jpg	https://www.alamy.com/hever-castle-cottages-in-the-grounds-of-the-castle-in-kent-near-edenbridge-ancestral-home-of-anne-boleyn-second-wife-to-king-henry-viii-image245068476.html	0.209302321	0.5813953	True	True
castles and cottages images	https://highlandscastle.com/assets/photos/Highlands Castle %26 Castle Cottage aerial view (Petro)-202152319447.jpg	https://highlandscastle.com/accommodations/castle-cottage/	0.209302321	0.5813953	True	True
castles and cottages images	https://highlandscastle.com/assets/photos/Highlands%20Castle%20%26%20Castle%20Cottage%20aerial%20view%20%28Petro%29-202152319447.jpg	https://highlandscastle.com/accommodations/castle-cottage/	0.209302321	0.5813953	True	True
castles and cottages images	https://buildgreennh.com/wp-content/uploads/2025/04/22-Contemporary-castle-style-cottage-asymmetrical-multi-story-facade-stone-exterior-steep-gabled-roofing-with-traditional-slate-tiles-large-768x1152.jpg	https://buildgreennh.com/castle-cottages/	0.209302321	0.5813953	False	True
castles and cottages images	https://buildgreennh.com/wp-content/uploads/2025/04/1-Contemporary-castle-style-cottage-complex-multi-turreted-structure-rustic-stone-masonry-slate-roofing-with-varied-pitches-small-arched-windows-768x1152.jpg	https://buildgreennh.com/castle-cottages/	0.209302321	0.5813953	False	True
castles and cottages images	https://buildgreennh.com/wp-content/uploads/2025/04/12-Contemporary-castle-style-cottage-multi-towered-and-irregularly-shaped-structure-stone-and-brick-veneer-decorative-stone-embellishments-conical-683x1024.jpg	https://buildgreennh.com/castle-cottages/	0.209302321	0.5813953	False	True
castles and cottages images	https://buildgreennh.com/wp-content/uploads/2025/04/25-contemporary-castle-style-cottage-multi-turreted-multi-story-facade-stone-exterior-slate-roofing-with-conical-towers-narrow-arched-windows-grand-768x1152.jpg	https://buildgreennh.com/castle-cottages/	0.209302321	0.5813953	False	True
castles and cottages images	https://i.pinimg.com/originals/45/47/a6/4547a687920be153b90e6d255abe5205.jpg	https://www.pinterest.com/pin/96194142028424024/	0.209302321	0.5813953	True	True
castles and cottages images	https://buildgreennh.com/wp-content/uploads/2025/04/9-Tudor-style-castle-cottage-asymmetrical-multi-tower-structure-traditional-stone-masonry-conical-slate-roof-on-main-tower-small-leaded-glass-768x1152.jpg	https://buildgreennh.com/castle-cottages/	0.209302321	0.5813953	False	True
castles and cottages images	https://i.pinimg.com/originals/02/6c/2d/026c2dedb72ff28cbb2f8c13c7731ab7.jpg	https://www.pinterest.com/pin/cozy-cottage--568509152965056920/	0.209302321	0.5813953	True	True
colors that look good on light brown skin	https://www.breonnaqueen.com/wp-content/uploads/2023/03/cd202200390692afa2510c0b4a54e4f8df7932db_cnc7457_1.jpg	https://www.breonnaqueen.com/what-colors-look-good-on-light-brown-skin/	0	0.545454562	False	True
colors that look good on light brown skin	https://www.breonnaqueen.com/wp-content/uploads/2023/03/66ad3e234a6e5c2beddc3c4ae6d6aee025aa229e_cnd9361_1-600x957.jpg	https://www.breonnaqueen.com/what-colors-look-good-on-light-brown-skin/	0	0.545454562	False	True
colors that look good on light brown skin	https://www.breonnaqueen.com/wp-content/uploads/2023/03/8a6e45379c986b195585274788b6651a8bb50095_cnb5227_1.webp	https://www.breonnaqueen.com/what-colors-look-good-on-light-brown-skin/	0	0.545454562	False	True
colors that look good on light brown skin	https://www.breonnaqueen.com/wp-content/uploads/2023/03/BOTT-WK28_V1.jpg	https://www.breonnaqueen.com/what-colors-look-good-on-light-brown-skin/	0	0.545454562	False	True
colors that look good on light brown skin	https://www.breonnaqueen.com/wp-content/uploads/2023/03/66ad3e234a6e5c2beddc3c4ae6d6aee025aa229e_cnd9361_1.jpg	https://www.breonnaqueen.com/what-colors-look-good-on-light-brown-skin/	0	0.545454562	False	True
colors that look good on light brown skin	https://www.thepaintedhinge.com/wp-content/uploads/2025/04/What-Colors-Look-Good-on-Brown-Skin.png	https://www.thepaintedhinge.com/what-colors-look-good-on-brown-skin-a-guide/	0	0.545454562	False	True
futuristic train neon-lit canyon images	https://a-static.besthdwallpaper.com/a-neon-lit-adventure-in-a-futuristic-train-with-sleek-lines-and-wallpaper-2800x2100-124780_28.jpg	https://www.besthdwallpaper.com/trains/a-neon-lit-adventure-in-a-futuristic-train-with-sleek-lines-and-dt_en-US-124780.html	0.108910888	0.762376249	False	True
futuristic train neon-lit canyon images	https://a-static.besthdwallpaper.com/a-neon-lit-adventure-in-a-futuristic-train-with-sleek-lines-and-wallpaper-2800x2100-124780_28.jpg	https://www.besthdwallpaper.com/trains/a-neon-lit-adventure-in-a-futuristic-train-with-sleek-lines-and-dt_en-US-124780.html	0.108910888	0.762376249	False	True
futuristic train neon-lit canyon images	https://a-static.besthdwallpaper.com/a-neon-lit-adventure-in-a-futuristic-train-with-sleek-lines-and-wallpaper-2800x2100-124780_28.jpg	https://www.besthdwallpaper.com/trains/a-neon-lit-adventure-in-a-futuristic-train-with-sleek-lines-and-dt_en-US-124780.html	0.108910888	0.762376249	False	True
futuristic train neon-lit canyon images	https://a-static.besthdwallpaper.com/a-neon-lit-adventure-in-a-futuristic-train-with-sleek-lines-and-wallpaper-3750x3000-124780_34.jpg	https://www.besthdwallpaper.com/trains/a-neon-lit-adventure-in-a-futuristic-train-with-sleek-lines-and-dt_en-US-124780.html	0.108910888	0.762376249	False	True
futuristic train neon-lit canyon images	https://a-static.besthdwallpaper.com/a-neon-lit-adventure-in-a-futuristic-train-with-sleek-lines-and-wallpaper-3750x3000-124780_34.jpg	https://www.besthdwallpaper.com/trains/a-neon-lit-adventure-in-a-futuristic-train-with-sleek-lines-and-dt_en-US-124780.html	0.108910888	0.762376249	False	True
futuristic train neon-lit canyon images	https://a-static.besthdwallpaper.com/a-neon-lit-adventure-in-a-futuristic-train-with-sleek-lines-and-wallpaper-3750x3000-124780_34.jpg	https://www.besthdwallpaper.com/trains/a-neon-lit-adventure-in-a-futuristic-train-with-sleek-lines-and-dt_en-US-124780.html	0.108910888	0.762376249	False	True
futuristic train neon-lit canyon images	https://a-static.besthdwallpaper.com/a-neon-lit-adventure-in-a-futuristic-train-with-sleek-lines-and-wallpaper-4096x1536-124780_93.jpg	https://www.besthdwallpaper.com/trains/a-neon-lit-adventure-in-a-futuristic-train-with-sleek-lines-and-dt_en-US-124780.html	0.108910888	0.762376249	False	True
futuristic train neon-lit canyon images	https://a-static.besthdwallpaper.com/a-neon-lit-adventure-in-a-futuristic-train-with-sleek-lines-and-wallpaper-4096x1536-124780_93.jpg	https://www.besthdwallpaper.com/trains/a-neon-lit-adventure-in-a-futuristic-train-with-sleek-lines-and-dt_en-US-124780.html	0.108910888	0.762376249	False	True
futuristic train neon-lit canyon images	https://a-static.besthdwallpaper.com/a-neon-lit-journey-in-a-futuristic-train-with-sleek-design-and-colorful-wallpaper-5120x4096-124777_35.jpg	https://www.besthdwallpaper.com/trains/a-neon-lit-journey-in-a-futuristic-train-with-sleek-design-and-colorful-dt_en-US-124777.html	0.108910888	0.762376249	False	True
futuristic train neon-lit canyon images	https://a-static.besthdwallpaper.com/a-neon-lit-adventure-in-a-futuristic-train-with-sleek-lines-and-wallpaper-3840x1200-124780_62.jpg	https://www.besthdwallpaper.com/trains/a-neon-lit-adventure-in-a-futuristic-train-with-sleek-lines-and-dt_en-US-124780.html	0.108910888	0.762376249	False	True
futuristic train neon-lit canyon images	https://thumbs.dreamstime.com/b/futuristic-train-glowing-orange-lights-transparent-rain-streaked-canopy-arrives-brightly-lit-station-cyberpunk-326982708.jpg?w=992	https://www.dreamstime.com/futuristic-train-glowing-orange-lights-transparent-rain-streaked-canopy-arrives-brightly-lit-station-cyberpunk-image326982708	0.108910888	0.762376249	False	True
futuristic train neon-lit canyon images	https://thumbs.dreamstime.com/b/futuristic-train-glowing-orange-lights-transparent-rain-streaked-canopy-arrives-brightly-lit-station-cyberpunk-326982708.jpg	https://www.dreamstime.com/futuristic-train-glowing-orange-lights-transparent-rain-streaked-canopy-arrives-brightly-lit-station-cyberpunk-image326982708	0.108910888	0.762376249	True	True
futuristic train neon-lit canyon images	https://a-static.besthdwallpaper.com/a-neon-lit-journey-in-a-futuristic-train-with-sleek-design-and-colorful-wallpaper-5120x3200-124777_10.jpg	https://www.besthdwallpaper.com/trains/a-neon-lit-journey-in-a-futuristic-train-with-sleek-design-and-colorful-dt_en-US-124777.html	0.108910888	0.762376249	False	True
futuristic train neon-lit canyon images	https://thumbs.dreamstime.com/b/futuristic-high-speed-train-neon-lit-urban-nightscape-ai-generated-359983706.jpg	https://www.dreamstime.com/photos-images/futuristic-high-speed-train-neon-lit-urban-nightscape.html	0.108910888	0.762376249	True	False
futuristic train neon-lit canyon images	https://a-static.besthdwallpaper.com/a-neon-lit-adventure-in-a-futuristic-train-with-sleek-lines-and-wallpaper-7680x4800-124780_11.jpg	https://www.besthdwallpaper.com/trains/a-neon-lit-adventure-in-a-futuristic-train-with-sleek-lines-and-dt_en-US-124780.html	0.108910888	0.762376249	False	True
futuristic train neon-lit canyon images	https://a-static.besthdwallpaper.com/a-neon-lit-journey-in-a-futuristic-train-with-sleek-design-and-colorful-wallpaper-5120x2160-124777_16.jpg	https://www.besthdwallpaper.com/trains/a-neon-lit-journey-in-a-futuristic-train-with-sleek-design-and-colorful-dt_en-US-124777.html	0.108910888	0.762376249	False	True
futuristic train neon-lit canyon images	https://a-static.besthdwallpaper.com/a-neon-lit-adventure-in-a-futuristic-train-with-sleek-lines-and-wallpaper-5120x1440-124780_78.jpg	https://www.besthdwallpaper.com/trains/a-neon-lit-adventure-in-a-futuristic-train-with-sleek-lines-and-dt_en-US-124780.html	0.108910888	0.762376249	False	True
futuristic train neon-lit canyon images	https://a-static.besthdwallpaper.com/a-neon-lit-adventure-in-a-futuristic-train-with-sleek-lines-and-wallpaper-2400x1350-124780_50.jpg	https://www.besthdwallpaper.com/trains/a-neon-lit-adventure-in-a-futuristic-train-with-sleek-lines-and-dt_en-US-124780.html	0.108910888	0.762376249	False	True
futuristic train neon-lit canyon images	https://a-static.besthdwallpaper.com/a-neon-lit-journey-in-a-futuristic-train-with-sleek-design-and-colorful-wallpaper-2560x1920-124777_27.jpg	https://www.besthdwallpaper.com/trains/a-neon-lit-journey-in-a-futuristic-train-with-sleek-design-and-colorful-dt_en-US-124777.html	0.108910888	0.762376249	False	True
futuristic train neon-lit canyon images	https://thumbs.dreamstime.com/z/futuristic-neonlit-train-station-hovering-trains-camera-captures-scene-magnificent-bathed-vibrant-neon-lights-281331313.jpg?w=768	https://www.dreamstime.com/futuristic-neonlit-train-station-hovering-trains-camera-captures-scene-magnificent-bathed-vibrant-neon-lights-image281331313	0.108910888	0.762376249	True	True
futuristic train neon-lit canyon images	https://a-static.besthdwallpaper.com/a-neon-lit-adventure-in-a-futuristic-train-with-sleek-lines-and-wallpaper-5120x4096-124780_35.jpg	https://www.besthdwallpaper.com/trains/a-neon-lit-adventure-in-a-futuristic-train-with-sleek-lines-and-dt_en-US-124780.html	0.108910888	0.762376249	False	True
futuristic train neon-lit canyon images	https://a-static.besthdwallpaper.com/a-neon-lit-adventure-in-a-futuristic-train-with-sleek-lines-and-wallpaper-5120x4096-124780_35.jpg	https://www.besthdwallpaper.com/trains/a-neon-lit-adventure-in-a-futuristic-train-with-sleek-lines-and-dt_en-US-124780.html	0.108910888	0.762376249	False	True
futuristic train neon-lit canyon images	https://a-static.besthdwallpaper.com/a-neon-lit-adventure-in-a-futuristic-train-with-sleek-lines-and-wallpaper-5120x4096-124780_35.jpg	https://www.besthdwallpaper.com/trains/a-neon-lit-adventure-in-a-futuristic-train-with-sleek-lines-and-dt_en-US-124780.html	0.108910888	0.762376249	False	True
futuristic train neon-lit canyon images	https://a-static.besthdwallpaper.com/a-neon-lit-journey-in-a-futuristic-train-with-sleek-design-and-colorful-wallpaper-4096x1536-124777_93.jpg	https://www.besthdwallpaper.com/trains/a-neon-lit-journey-in-a-futuristic-train-with-sleek-design-and-colorful-dt_en-US-124777.html	0.108910888	0.762376249	False	True
futuristic train neon-lit canyon images	https://a-static.besthdwallpaper.com/a-neon-lit-adventure-in-a-futuristic-train-with-sleek-lines-and-wallpaper-2560x2048-124780_33.jpg	https://www.besthdwallpaper.com/trains/a-neon-lit-adventure-in-a-futuristic-train-with-sleek-lines-and-dt_en-US-124780.html	0.108910888	0.762376249	False	True
futuristic train neon-lit canyon images	https://a-static.besthdwallpaper.com/a-neon-lit-adventure-in-a-futuristic-train-with-sleek-lines-and-wallpaper-2560x2048-124780_33.jpg	https://www.besthdwallpaper.com/trains/a-neon-lit-adventure-in-a-futuristic-train-with-sleek-lines-and-dt_en-US-124780.html	0.108910888	0.762376249	False	True
futuristic train neon-lit canyon images	https://a-static.besthdwallpaper.com/a-neon-lit-adventure-in-a-futuristic-train-with-sleek-lines-and-wallpaper-2560x2048-124780_33.jpg	https://www.besthdwallpaper.com/trains/a-neon-lit-adventure-in-a-futuristic-train-with-sleek-lines-and-dt_en-US-124780.html	0.108910888	0.762376249	False	True
futuristic train neon-lit canyon images	https://a-static.besthdwallpaper.com/a-neon-lit-adventure-in-a-futuristic-train-with-sleek-lines-and-wallpaper-2160x1440-124780_40.jpg	https://www.besthdwallpaper.com/trains/a-neon-lit-adventure-in-a-futuristic-train-with-sleek-lines-and-dt_en-US-124780.html	0.108910888	0.762376249	False	True
futuristic train neon-lit canyon images	https://a-static.besthdwallpaper.com/a-neon-lit-adventure-in-a-futuristic-train-with-sleek-lines-and-wallpaper-2160x1440-124780_40.jpg	https://www.besthdwallpaper.com/trains/a-neon-lit-adventure-in-a-futuristic-train-with-sleek-lines-and-dt_en-US-124780.html	0.108910888	0.762376249	False	True
futuristic train neon-lit canyon images	https://a-static.besthdwallpaper.com/a-neon-lit-adventure-in-a-futuristic-train-with-sleek-lines-and-wallpaper-2160x1440-124780_40.jpg	https://www.besthdwallpaper.com/trains/a-neon-lit-adventure-in-a-futuristic-train-with-sleek-lines-and-dt_en-US-124780.html	0.108910888	0.762376249	False	True
futuristic train neon-lit canyon images	https://a-static.besthdwallpaper.com/a-neon-lit-journey-in-a-futuristic-train-with-sleek-design-and-colorful-wallpaper-10240x3200-124777_66.jpg	https://www.besthdwallpaper.com/trains/a-neon-lit-journey-in-a-futuristic-train-with-sleek-design-and-colorful-dt_en-US-124777.html	0.108910888	0.762376249	False	True
futuristic train neon-lit canyon images	https://a-static.besthdwallpaper.com/a-neon-lit-adventure-in-a-futuristic-train-with-sleek-lines-and-wallpaper-7500x3000-124780_101.jpg	https://www.besthdwallpaper.com/trains/a-neon-lit-adventure-in-a-futuristic-train-with-sleek-lines-and-dt_en-US-124780.html	0.108910888	0.762376249	False	True
futuristic train neon-lit canyon images	https://a-static.besthdwallpaper.com/a-neon-lit-journey-in-a-futuristic-train-with-sleek-design-and-colorful-wallpaper-2800x2100-124777_28.jpg	https://www.besthdwallpaper.com/trains/a-neon-lit-journey-in-a-futuristic-train-with-sleek-design-and-colorful-dt_en-US-124777.html	0.108910888	0.762376249	False	True
futuristic train neon-lit canyon images	https://a-static.besthdwallpaper.com/a-neon-lit-adventure-in-a-futuristic-train-with-sleek-lines-and-wallpaper-5120x2160-124780_16.jpg	https://www.besthdwallpaper.com/trains/a-neon-lit-adventure-in-a-futuristic-train-with-sleek-lines-and-dt_en-US-124780.html	0.108910888	0.762376249	False	True
futuristic train neon-lit canyon images	https://png.pngtree.com/thumb_back/fw800/background/20250224/pngtree-futuristic-trains-in-a-neon-lit-urban-environment-showcasing-advanced-transport-image_16904486.jpg	https://pngtree.com/freebackground/futuristic-trains-in-a-neon-lit-urban-environment-showcasing-advanced-transport-technology_16266021.html	0.108910888	0.762376249	True	True
futuristic train neon-lit canyon images	https://a-static.besthdwallpaper.com/a-neon-lit-adventure-in-a-futuristic-train-with-sleek-lines-and-wallpaper-2880x1620-124780_52.jpg	https://www.besthdwallpaper.com/trains/a-neon-lit-adventure-in-a-futuristic-train-with-sleek-lines-and-dt_en-US-124780.html	0.108910888	0.762376249	False	True
futuristic train neon-lit canyon images	https://a-static.besthdwallpaper.com/a-neon-lit-journey-in-a-futuristic-train-with-sleek-design-and-colorful-wallpaper-7680x4800-124777_11.jpg	https://www.besthdwallpaper.com/trains/a-neon-lit-journey-in-a-futuristic-train-with-sleek-design-and-colorful-dt_en-US-124777.html	0.108910888	0.762376249	False	True
futuristic train neon-lit canyon images	https://a-static.besthdwallpaper.com/a-neon-lit-adventure-in-a-futuristic-train-with-sleek-lines-and-wallpaper-2560x800-124780_59.jpg	https://www.besthdwallpaper.com/trains/a-neon-lit-adventure-in-a-futuristic-train-with-sleek-lines-and-dt_en-US-124780.html	0.108910888	0.762376249	False	True
futuristic train neon-lit canyon images	https://a-static.besthdwallpaper.com/a-neon-lit-journey-in-a-futuristic-train-with-sleek-design-and-colorful-wallpaper-5600x1800-124777_64.jpg	https://www.besthdwallpaper.com/trains/a-neon-lit-journey-in-a-futuristic-train-with-sleek-design-and-colorful-dt_en-US-124777.html	0.108910888	0.762376249	False	True
futuristic train neon-lit canyon images	https://a-static.besthdwallpaper.com/a-neon-lit-adventure-in-a-futuristic-train-with-sleek-lines-and-wallpaper-5120x3200-124780_10.jpg	https://www.besthdwallpaper.com/trains/a-neon-lit-adventure-in-a-futuristic-train-with-sleek-lines-and-dt_en-US-124780.html	0.108910888	0.762376249	False	True
futuristic train neon-lit canyon images	https://a-static.besthdwallpaper.com/a-neon-lit-journey-in-a-futuristic-train-with-sleek-design-and-colorful-wallpaper-3840x2160-124777_54.jpg	https://www.besthdwallpaper.com/trains/a-neon-lit-journey-in-a-futuristic-train-with-sleek-design-and-colorful-dt_en-US-124777.html	0.108910888	0.762376249	False	True
futuristic train neon-lit canyon images	https://a-static.besthdwallpaper.com/a-neon-lit-journey-in-a-futuristic-train-with-sleek-design-and-colorful-wallpaper-7680x2400-124777_65.jpg	https://www.besthdwallpaper.com/trains/a-neon-lit-journey-in-a-futuristic-train-with-sleek-design-and-colorful-dt_en-US-124777.html	0.108910888	0.762376249	False	True
futuristic train neon-lit canyon images	https://thumbs.dreamstime.com/z/futuristic-neonlit-train-station-hovering-trains-camera-captures-scene-magnificent-bathed-vibrant-neon-lights-281331313.jpg	https://www.dreamstime.com/futuristic-neonlit-train-station-hovering-trains-camera-captures-scene-magnificent-bathed-vibrant-neon-lights-image281331313	0.108910888	0.762376249	True	True
futuristic train neon-lit canyon images	https://a-static.besthdwallpaper.com/a-neon-lit-adventure-in-a-futuristic-train-with-sleek-lines-and-wallpaper-5120x2880-124780_55.jpg	https://www.besthdwallpaper.com/trains/a-neon-lit-adventure-in-a-futuristic-train-with-sleek-lines-and-dt_en-US-124780.html	0.108910888	0.762376249	False	True
futuristic train neon-lit canyon images	https://a-static.besthdwallpaper.com/a-neon-lit-journey-in-a-futuristic-train-with-sleek-design-and-colorful-wallpaper-3554x1999-124777_53.jpg	https://www.besthdwallpaper.com/trains/a-neon-lit-journey-in-a-futuristic-train-with-sleek-design-and-colorful-dt_en-US-124777.html	0.108910888	0.762376249	False	True
futuristic train neon-lit canyon images	https://a-static.besthdwallpaper.com/a-neon-lit-adventure-in-a-futuristic-train-with-sleek-lines-and-wallpaper-6000x2000-124780_109.jpg	https://www.besthdwallpaper.com/trains/a-neon-lit-adventure-in-a-futuristic-train-with-sleek-lines-and-dt_en-US-124780.html	0.108910888	0.762376249	False	True
futuristic train neon-lit canyon images	https://a-static.besthdwallpaper.com/a-neon-lit-journey-in-a-futuristic-train-with-sleek-design-and-colorful-wallpaper-6400x4800-124777_31.jpg	https://www.besthdwallpaper.com/trains/a-neon-lit-journey-in-a-futuristic-train-with-sleek-design-and-colorful-dt_en-US-124777.html	0.108910888	0.762376249	False	True
futuristic train neon-lit canyon images	https://a-static.besthdwallpaper.com/a-neon-lit-adventure-in-a-futuristic-train-with-sleek-lines-and-wallpaper-3840x2400-124780_9.jpg	https://www.besthdwallpaper.com/trains/a-neon-lit-adventure-in-a-futuristic-train-with-sleek-lines-and-dt_en-US-124780.html	0.108910888	0.762376249	False	True
futuristic train neon-lit canyon images	https://a-static.besthdwallpaper.com/a-neon-lit-adventure-in-a-futuristic-train-with-sleek-lines-and-wallpaper-1280x768-124780_13.jpg	https://www.besthdwallpaper.com/trains/a-neon-lit-adventure-in-a-futuristic-train-with-sleek-lines-and-dt_en-US-124780.html	0.108910888	0.762376249	False	True
futuristic train neon-lit canyon images	https://a-static.besthdwallpaper.com/a-neon-lit-journey-in-a-futuristic-train-with-sleek-design-and-colorful-wallpaper-5120x1920-124777_94.jpg	https://www.besthdwallpaper.com/trains/a-neon-lit-journey-in-a-futuristic-train-with-sleek-design-and-colorful-dt_en-US-124777.html	0.108910888	0.762376249	False	True
futuristic train neon-lit canyon images	https://thumbs.dreamstime.com/z/futuristic-neonlit-train-station-hovering-trains-camera-captures-scene-magnificent-bathed-vibrant-neon-lights-281331313.jpg?w=576	https://www.dreamstime.com/futuristic-neonlit-train-station-hovering-trains-camera-captures-scene-magnificent-bathed-vibrant-neon-lights-image281331313	0.108910888	0.762376249	True	False
futuristic train neon-lit canyon images	https://img.freepik.com/premium-photo/futuristic-train-carrying-packages-lightning-speed-through-tunnel-neon-lights_928211-938.jpg	https://www.freepik.com/premium-ai-image/futuristic-train-carrying-packages-lightning-speed-through-tunnel-neon-lights_46900211.htm	0.108910888	0.762376249	True	True
futuristic train neon-lit canyon images	https://thumbs.dreamstime.com/z/futuristic-high-speed-train-neon-lit-station-vibrant-colors-sleek-design-futuristic-high-speed-train-neon-lit-361704674.jpg	https://www.dreamstime.com/futuristic-high-speed-train-neon-lit-station-vibrant-colors-sleek-design-futuristic-high-speed-train-neon-lit-image361704674	0.108910888	0.762376249	False	True
futuristic train neon-lit canyon images	https://a-static.besthdwallpaper.com/a-neon-lit-adventure-in-a-futuristic-train-with-sleek-lines-and-wallpaper-2560x1080-124780_14.jpg	https://www.besthdwallpaper.com/trains/a-neon-lit-adventure-in-a-futuristic-train-with-sleek-lines-and-dt_en-US-124780.html	0.108910888	0.762376249	False	True
futuristic train neon-lit canyon images	https://a-static.besthdwallpaper.com/a-neon-lit-adventure-in-a-futuristic-train-with-sleek-lines-and-wallpaper-4096x3072-124780_30.jpg	https://www.besthdwallpaper.com/trains/a-neon-lit-adventure-in-a-futuristic-train-with-sleek-lines-and-dt_en-US-124780.html	0.108910888	0.762376249	False	True
futuristic train neon-lit canyon images	https://a-static.besthdwallpaper.com/a-neon-lit-adventure-in-a-futuristic-train-with-sleek-lines-and-wallpaper-4096x3072-124780_30.jpg	https://www.besthdwallpaper.com/trains/a-neon-lit-adventure-in-a-futuristic-train-with-sleek-lines-and-dt_en-US-124780.html	0.108910888	0.762376249	False	True
futuristic train neon-lit canyon images	https://a-static.besthdwallpaper.com/a-neon-lit-adventure-in-a-futuristic-train-with-sleek-lines-and-wallpaper-4096x3072-124780_30.jpg	https://www.besthdwallpaper.com/trains/a-neon-lit-adventure-in-a-futuristic-train-with-sleek-lines-and-dt_en-US-124780.html	0.108910888	0.762376249	False	True
futuristic train neon-lit canyon images	https://a-static.besthdwallpaper.com/a-neon-lit-adventure-in-a-futuristic-train-with-sleek-lines-and-wallpaper-4800x1350-124780_77.jpg	https://www.besthdwallpaper.com/trains/a-neon-lit-adventure-in-a-futuristic-train-with-sleek-lines-and-dt_en-US-124780.html	0.108910888	0.762376249	False	True
futuristic train neon-lit canyon images	https://a-static.besthdwallpaper.com/a-neon-lit-adventure-in-a-futuristic-train-with-sleek-lines-and-wallpaper-3440x1440-124780_15.jpg	https://www.besthdwallpaper.com/trains/a-neon-lit-adventure-in-a-futuristic-train-with-sleek-lines-and-dt_en-US-124780.html	0.108910888	0.762376249	False	True
futuristic train neon-lit canyon images	https://a-static.besthdwallpaper.com/a-neon-lit-adventure-in-a-futuristic-train-with-sleek-lines-and-wallpaper-3440x1440-124780_15.jpg	https://www.besthdwallpaper.com/trains/a-neon-lit-adventure-in-a-futuristic-train-with-sleek-lines-and-dt_en-US-124780.html	0.108910888	0.762376249	False	True
futuristic train neon-lit canyon images	https://a-static.besthdwallpaper.com/a-neon-lit-adventure-in-a-futuristic-train-with-sleek-lines-and-wallpaper-3440x1440-124780_15.jpg	https://www.besthdwallpaper.com/trains/a-neon-lit-adventure-in-a-futuristic-train-with-sleek-lines-and-dt_en-US-124780.html	0.108910888	0.762376249	False	True
futuristic train neon-lit canyon images	https://a-static.besthdwallpaper.com/a-neon-lit-adventure-in-a-futuristic-train-with-sleek-lines-and-wallpaper-3440x1440-124780_15.jpg	https://www.besthdwallpaper.com/trains/a-neon-lit-adventure-in-a-futuristic-train-with-sleek-lines-and-dt_en-US-124780.html	0.108910888	0.762376249	False	True
futuristic train neon-lit canyon images	https://a-static.besthdwallpaper.com/a-neon-lit-adventure-in-a-futuristic-train-with-sleek-lines-and-wallpaper-3554x1999-124780_53.jpg	https://www.besthdwallpaper.com/trains/a-neon-lit-adventure-in-a-futuristic-train-with-sleek-lines-and-dt_en-US-124780.html	0.108910888	0.762376249	False	True
futuristic train neon-lit canyon images	https://a-static.besthdwallpaper.com/a-neon-lit-adventure-in-a-futuristic-train-with-sleek-lines-and-wallpaper-3554x1999-124780_53.jpg	https://www.besthdwallpaper.com/trains/a-neon-lit-adventure-in-a-futuristic-train-with-sleek-lines-and-dt_en-US-124780.html	0.108910888	0.762376249	False	True
futuristic train neon-lit canyon images	https://a-static.besthdwallpaper.com/a-neon-lit-journey-in-a-futuristic-train-with-sleek-design-and-colorful-wallpaper-5120x1600-124777_63.jpg	https://www.besthdwallpaper.com/trains/a-neon-lit-journey-in-a-futuristic-train-with-sleek-design-and-colorful-dt_en-US-124777.html	0.108910888	0.762376249	False	True
futuristic train neon-lit canyon images	https://a-static.besthdwallpaper.com/a-neon-lit-journey-in-a-futuristic-train-with-sleek-design-and-colorful-wallpaper-5120x2880-124777_55.jpg	https://www.besthdwallpaper.com/trains/a-neon-lit-journey-in-a-futuristic-train-with-sleek-design-and-colorful-dt_en-US-124777.html	0.108910888	0.762376249	False	True
futuristic train neon-lit canyon images	https://thumbs.dreamstime.com/b/futuristic-high-speed-train-speeding-vibrant-neon-lit-tunnel-360609699.jpg	https://www.dreamstime.com/photos-images/futuristic-high-speed-train-speeding-vibrant-neon-lit-tunnel.html	0.108910888	0.762376249	True	False
futuristic train neon-lit canyon images	https://a-static.besthdwallpaper.com/a-neon-lit-adventure-in-a-futuristic-train-with-sleek-lines-and-wallpaper-2560x1440-124780_51.jpg	https://www.besthdwallpaper.com/trains/a-neon-lit-adventure-in-a-futuristic-train-with-sleek-lines-and-dt_en-US-124780.html	0.108910888	0.762376249	False	True
futuristic train neon-lit canyon images	https://thumbs.dreamstime.com/z/futuristic-high-speed-train-racing-neon-lit-cyberpunk-cityscape-night-ai-generated-352837430.jpg	https://www.dreamstime.com/futuristic-high-speed-train-racing-neon-lit-cyberpunk-cityscape-night-ai-generated-image352837430	0.108910888	0.762376249	False	True
futuristic train neon-lit canyon images	https://a-static.besthdwallpaper.com/a-neon-lit-adventure-in-a-futuristic-train-with-sleek-lines-and-wallpaper-7680x2400-124780_65.jpg	https://www.besthdwallpaper.com/trains/a-neon-lit-adventure-in-a-futuristic-train-with-sleek-lines-and-dt_en-US-124780.html	0.108910888	0.762376249	False	True
futuristic train neon-lit canyon images	https://thumbs.dreamstime.com/b/futuristic-train-neon-lights-image-depicts-sleek-lines-high-speed-design-set-against-dark-starry-sky-277348564.jpg	https://www.dreamstime.com/futuristic-train-neon-lights-image-depicts-sleek-lines-high-speed-design-set-against-dark-starry-sky-image277348564	0.108910888	0.762376249	True	True
futuristic train neon-lit canyon images	https://a-static.besthdwallpaper.com/a-neon-lit-adventure-in-a-futuristic-train-with-sleek-lines-and-wallpaper-2560x720-124780_72.jpg	https://www.besthdwallpaper.com/trains/a-neon-lit-adventure-in-a-futuristic-train-with-sleek-lines-and-dt_en-US-124780.html	0.108910888	0.762376249	False	True
futuristic train neon-lit canyon images	https://a-static.besthdwallpaper.com/a-neon-lit-adventure-in-a-futuristic-train-with-sleek-lines-and-wallpaper-7108x1999-124780_80.jpg	https://www.besthdwallpaper.com/trains/a-neon-lit-adventure-in-a-futuristic-train-with-sleek-lines-and-dt_en-US-124780.html	0.108910888	0.762376249	False	True
futuristic train neon-lit canyon images	https://img.freepik.com/premium-photo/futuristic-high-speed-train-traveling-through-neon-lit-tunnel-background-created-with-generative-ai-technology_964851-81.jpg	https://www.freepik.com/premium-ai-image/futuristic-high-speed-train-traveling-through-neon-lit-tunnel-background-created-with-generative-ai-technology_51187215.htm	0.108910888	0.762376249	True	False
futuristic train neon-lit canyon images	https://a-static.besthdwallpaper.com/a-neon-lit-journey-in-a-futuristic-train-with-sleek-design-and-colorful-wallpaper-2560x1080-124777_14.jpg	https://www.besthdwallpaper.com/trains/a-neon-lit-journey-in-a-futuristic-train-with-sleek-design-and-colorful-dt_en-US-124777.html	0.108910888	0.762376249	False	True
futuristic train neon-lit canyon images	https://a-static.besthdwallpaper.com/a-neon-lit-adventure-in-a-futuristic-train-with-sleek-lines-and-wallpaper-2880x1080-124780_89.jpg	https://www.besthdwallpaper.com/trains/a-neon-lit-adventure-in-a-futuristic-train-with-sleek-lines-and-dt_en-US-124780.html	0.108910888	0.762376249	False	True
futuristic train neon-lit canyon images	https://a-static.besthdwallpaper.com/a-neon-lit-adventure-in-a-futuristic-train-with-sleek-lines-and-wallpaper-7680x2160-124780_81.jpg	https://www.besthdwallpaper.com/trains/a-neon-lit-adventure-in-a-futuristic-train-with-sleek-lines-and-dt_en-US-124780.html	0.108910888	0.762376249	False	True
futuristic train neon-lit canyon images	https://a-static.besthdwallpaper.com/a-neon-lit-adventure-in-a-futuristic-train-with-sleek-lines-and-wallpaper-5120x1920-124780_94.jpg	https://www.besthdwallpaper.com/trains/a-neon-lit-adventure-in-a-futuristic-train-with-sleek-lines-and-dt_en-US-124780.html	0.108910888	0.762376249	False	True
futuristic train neon-lit canyon images	https://a-static.besthdwallpaper.com/a-neon-lit-adventure-in-a-futuristic-train-with-sleek-lines-and-wallpaper-5120x1920-124780_94.jpg	https://www.besthdwallpaper.com/trains/a-neon-lit-adventure-in-a-futuristic-train-with-sleek-lines-and-dt_en-US-124780.html	0.108910888	0.762376249	False	True
futuristic train neon-lit canyon images	https://a-static.besthdwallpaper.com/a-neon-lit-adventure-in-a-futuristic-train-with-sleek-lines-and-wallpaper-2880x1800-124780_8.jpg	https://www.besthdwallpaper.com/trains/a-neon-lit-adventure-in-a-futuristic-train-with-sleek-lines-and-dt_en-US-124780.html	0.108910888	0.762376249	False	True
futuristic train neon-lit canyon images	https://thumbs.dreamstime.com/z/futuristic-train-neon-lights-image-depicts-sleek-lines-high-speed-design-set-against-dark-starry-sky-277348564.jpg	https://www.dreamstime.com/futuristic-train-neon-lights-image-depicts-sleek-lines-high-speed-design-set-against-dark-starry-sky-image277348564	0.108910888	0.762376249	True	True
heartwarming stories cats dogs	https://www.dailycatchat.com/wp-content/uploads/2024/06/DailyCatChat-Featured-Images-6.png	https://www.dailycatchat.com/heartwarming-moment-when-a-cat-consoles-a-dog-who-misses-her-parents/	0.111111112	0.444444448	False	True
heartwarming stories cats dogs	https://video.newsserve.net/v/20240329/1711748315-Cat-and-Dog-Love-Heartwarming-Tale-of_hires.jpg	https://www.onenewspage.com/video/20240329/16764709/Cat-and-Dog-Love-Heartwarming-Tale-of.htm	0.111111112	0.444444448	False	True
heartwarming stories cats dogs	https://i.pinimg.com/originals/a0/99/d5/a099d50ec52a28ce65116c5531e8062a.jpg	https://www.artofit.org/image-gallery/814447913896319812/40-most-heartwarming-cat-adoption-stories-of-the-month/	0.111111112	0.444444448	True	True
heartwarming stories cats dogs	https://aplaceforanimals.com/wp-content/uploads/2024/03/stories_of_love_and_support.jpg	https://aplaceforanimals.com/pets/dogs/cat-and-dog-movies/	0.111111112	0.444444448	False	True
lesser-known fun sports videos	https://tallypress.com/wp-content/uploads/2019/07/IMG_0367-1068x624.jpg	https://tallypress.com/fun/8-lesser-known-sports-around-the-world/	0.2857143	0.857142866	False	True
lesser-known fun sports videos	https://tallypress.com/wp-content/uploads/2019/07/IMG_0367-768x449.jpg	https://tallypress.com/fun/8-lesser-known-sports-around-the-world/	0.2857143	0.857142866	False	True
lesser-known fun sports videos	https://tallypress.com/wp-content/uploads/2019/07/IMG_0367-1024x599.jpg	https://tallypress.com/fun/8-lesser-known-sports-around-the-world/	0.2857143	0.857142866	True	True
lesser-known fun sports videos	https://i.ytimg.com/vi/-Rwmr5gm9lo/maxresdefault.jpg	https://www.youtube.com/watch?v=-Rwmr5gm9lo	0.2857143	0.857142866	True	True
lesser-known fun sports videos	https://tallypress.com/wp-content/uploads/2019/07/IMG_0367-696x407.jpg	https://tallypress.com/fun/8-lesser-known-sports-around-the-world/	0.2857143	0.857142866	False	True
lesser-known fun sports videos	https://sl.sbs.com.au/public/image/file/8e702d34-0168-4d3e-94f8-449f20970347	https://tallypress.com/fun/8-lesser-known-sports-around-the-world/	0.2857143	0.857142866	False	True
unique symbols Egyptian hieroglyphics	https://img.freepik.com/premium-vector/collection-egyptian-hieroglyphs-symbols_925376-299872.jpg?w=1380	https://www.freepik.com/premium-vector/collection-egyptian-hieroglyphs-symbols_302758542.htm	0.135135129	0.4864865	False	True
unique symbols Egyptian hieroglyphics	https://lirp.cdn-website.com/cf150c9f/dms3rep/multi/opt/Ancient+Egyptian+Symbols-1920w.jpg	https://www.pyramidsland.com/blog/ancient-egyptian-symbols	0.135135129	0.4864865	True	True
unique symbols Egyptian hieroglyphics	https://img.freepik.com/premium-photo/ancient-egyptian-hieroglyphics-display-intricate-symbols-gold-showcasing-rich-cultural-historical-significance_1275611-10548.jpg?w=2000	https://www.freepik.com/premium-ai-image/ancient-egyptian-hieroglyphics-display-intricate-symbols-gold-showcasing-rich-cultural-historical-significance_340079354.htm	0.135135129	0.4864865	False	True
unique symbols Egyptian hieroglyphics	https://img.freepik.com/premium-photo/ancient-egyptian-hieroglyphics-display-intricate-symbols-gold-showcasing-rich-cultural-historical-significance_1275611-10548.jpg?w=2000	https://www.freepik.com/premium-ai-image/ancient-egyptian-hieroglyphics-display-intricate-symbols-gold-showcasing-rich-cultural-historical-significance_340079354.htm	0.135135129	0.4864865	False	True
unique symbols Egyptian hieroglyphics	https://i.pinimg.com/originals/b0/cf/2a/b0cf2a0927efa729b7fb52c02f149dce.jpg	https://www.pinterest.com/pin/639370478386308322/	0.135135129	0.4864865	True	False
unique symbols Egyptian hieroglyphics	https://i.pinimg.com/originals/b0/cf/2a/b0cf2a0927efa729b7fb52c02f149dce.jpg	https://www.pinterest.com/pin/743868063490228425/	0.135135129	0.4864865	False	True
unique symbols Egyptian hieroglyphics	https://lookaside.fbsbx.com/lookaside/crawler/media/?media_id=1748621185296756	https://www.facebook.com/Tresuresofancientegypt/posts/hieroglyphics-symbols/1748621218630086/	0.135135129	0.4864865	True	True
unique symbols Egyptian hieroglyphics	https://img.freepik.com/premium-photo/ancient-egyptian-hieroglyphics-display-intricate-symbols-gold-showcasing-rich-cultural-historical-significance_1275611-10548.jpg?w=1380	https://www.freepik.com/premium-ai-image/ancient-egyptian-hieroglyphics-display-intricate-symbols-gold-showcasing-rich-cultural-historical-significance_340079354.htm	0.135135129	0.4864865	False	True
unique symbols Egyptian hieroglyphics	https://img.freepik.com/premium-photo/ancient-egyptian-hieroglyphics-display-intricate-symbols-gold-showcasing-rich-cultural-historical-significance_1275611-10548.jpg?w=1380	https://www.freepik.com/premium-ai-image/ancient-egyptian-hieroglyphics-display-intricate-symbols-gold-showcasing-rich-cultural-historical-significance_340079354.htm	0.135135129	0.4864865	False	True
unique symbols Egyptian hieroglyphics	https://img.freepik.com/premium-photo/ancient-egyptian-hieroglyphics-display-intricate-symbols-gold-showcasing-rich-cultural-historical-significance_1275611-10548.jpg?w=900	https://www.freepik.com/premium-ai-image/ancient-egyptian-hieroglyphics-display-intricate-symbols-gold-showcasing-rich-cultural-historical-significance_340079354.htm	0.135135129	0.4864865	False	True
unique symbols Egyptian hieroglyphics	https://img.freepik.com/premium-photo/ancient-egyptian-hieroglyphics-display-intricate-symbols-gold-showcasing-rich-cultural-historical-significance_1275611-10548.jpg?w=900	https://www.freepik.com/premium-ai-image/ancient-egyptian-hieroglyphics-display-intricate-symbols-gold-showcasing-rich-cultural-historical-significance_340079354.htm	0.135135129	0.4864865	False	True
unique symbols Egyptian hieroglyphics	https://img.freepik.com/premium-photo/ancient-egyptian-hieroglyphics-display-intricate-symbols-gold-showcasing-rich-cultural-historical-significance_1275611-10548.jpg?w=1480	https://www.freepik.com/premium-ai-image/ancient-egyptian-hieroglyphics-display-intricate-symbols-gold-showcasing-rich-cultural-historical-significance_340079354.htm	0.135135129	0.4864865	False	True
unique symbols Egyptian hieroglyphics	https://img.freepik.com/premium-photo/ancient-egyptian-hieroglyphics-display-intricate-symbols-gold-showcasing-rich-cultural-historical-significance_1275611-10548.jpg?w=1480	https://www.freepik.com/premium-ai-image/ancient-egyptian-hieroglyphics-display-intricate-symbols-gold-showcasing-rich-cultural-historical-significance_340079354.htm	0.135135129	0.4864865	False	True
unique symbols Egyptian hieroglyphics	https://www.youregypttours.com/images/top-egyptian-symbols.jpg	https://www.youregypttours.com/egypt-tours-blog/egyptian-hieroglyphs	0.135135129	0.4864865	True	True
unique symbols Egyptian hieroglyphics	https://img.freepik.com/premium-vector/collection-egyptian-hieroglyphs-symbols_925376-299872.jpg?w=900	https://www.freepik.com/premium-vector/collection-egyptian-hieroglyphs-symbols_302758542.htm	0.135135129	0.4864865	False	True
unique symbols Egyptian hieroglyphics	https://egypttoursgroup.com/wp-content/uploads/2024/06/Hieroglyphics-symbols-and-meanings-Egypt-Tours-Group.png	https://egypttoursgroup.com/hieroglyphics-symbols/	0.135135129	0.4864865	True	True
unique symbols Egyptian hieroglyphics	https://img.freepik.com/premium-photo/ancient-egyptian-hieroglyphics-display-intricate-symbols-gold-showcasing-rich-cultural-historical-significance_1275611-10548.jpg?w=1060	https://www.freepik.com/premium-ai-image/ancient-egyptian-hieroglyphics-display-intricate-symbols-gold-showcasing-rich-cultural-historical-significance_340079354.htm	0.135135129	0.4864865	False	True
unique symbols Egyptian hieroglyphics	https://img.freepik.com/premium-photo/ancient-egyptian-hieroglyphics-display-intricate-symbols-gold-showcasing-rich-cultural-historical-significance_1275611-10548.jpg?w=1060	https://www.freepik.com/premium-ai-image/ancient-egyptian-hieroglyphics-display-intricate-symbols-gold-showcasing-rich-cultural-historical-significance_340079354.htm	0.135135129	0.4864865	False	True
unique symbols Egyptian hieroglyphics	https://img.freepik.com/premium-vector/collection-egyptian-hieroglyphs-symbols_925376-299872.jpg?w=2000	https://www.freepik.com/premium-vector/collection-egyptian-hieroglyphs-symbols_302758542.htm	0.135135129	0.4864865	False	True
примеры установки светильников в разных стилях	https://idei.club/raznoe/uploads/posts/2023-05/1684934030_idei-club-p-ustanovka-trekovikh-svetilnikov-dizain-ins-10.jpg	https://idei.club/raznoe/19504-ustanovka-trekovyh-svetilnikov.html	0.333333343	0.6666667	False	True
примеры установки светильников в разных стилях	https://www.viokon.com/upload/iblock/11e/957rtha4iybg4nx98rq8191cuq0xomoh.jpeg	https://vannaplus.su/tipy-potolochnyh-svetilnikov-s-foto/	0.333333343	0.6666667	True	True
موديلات سكيتشرز	https://couponsclub.net/wp-content/uploads/0397a36baeb7fea2a4654e79aba2c957.jpg	https://couponsclub.net/احدث-موديلات-احذية-سكيتشرز-من-موقع-ستا/	0.5555556	1	True	True
موديلات سكيتشرز	https://lookaside.instagram.com/seo/google_widget/crawler/?media_id=3541817730794222944	https://www.instagram.com/p/DEnEHm8q63P/	0.5555556	1	False	True
موديلات سكيتشرز	https://lookaside.instagram.com/seo/google_widget/crawler/?media_id=3569977652043486352	https://www.instagram.com/p/DGLG8VRoot3/	0.5555556	1	False	True
موديلات سكيتشرز	https://media.zid.store/thumbs/d5c42b54-3814-4fcf-b4c1-0578bebf2648/37eb6b00-12e1-4d13-be14-3b7ad33518af-thumbnail-1000x1000-70.jpg	https://medicalelegant.com/categories/662859/أحذية-سكيتشرز	0.5555556	1	True	True
موديلات سكيتشرز	https://media.6media.me/media/catalog/product/cache/51d09e6ba6f1fb68e23a90a2eb71ff17/1/9/196642865722-1.jpg	https://ar-sa.6thstreet.com/skechers.html	0.5555556	1	True	True
موديلات سكيتشرز	https://lookaside.instagram.com/seo/google_widget/crawler/?media_id=3541817730961856750	https://www.instagram.com/p/DEnEHm8q63P/	0.5555556	1	False	True
موديلات سكيتشرز	https://topinarabic.s3.amazonaws.com/2018/09/images-17-e1537517181101.jpg	https://topinarabic.com/%D8%AA%D9%88%D8%A8-10-%D8%A7%D9%81%D8%B6%D9%84-%D8%A7%D8%AD%D8%B0%D9%8A%D8%A9-%D8%B3%D9%83%D9%8A%D8%AA%D8%B4%D8%B1%D8%B2/	0.5555556	1	True	True
موديلات سكيتشرز	https://lookaside.instagram.com/seo/google_widget/crawler/?media_id=3612893158387730873	https://www.instagram.com/p/DGLG8VRoot3/	0.5555556	1	False	True
موديلات سكيتشرز	https://couponsclub.net/wp-content/uploads/49023401_1-768x1024.jpg	https://couponsclub.net/احدث-موديلات-احذية-سكيتشرز-من-موقع-ستا/	0.5555556	1	True	True
あじのせんせい 表情	https://medibangpaint.com/wp-content/uploads/2022/08/h1b-1307x1536.png	https://medibangpaint.com/use/2022/11/how-to-practice-facial-expressions/	0	0.428571433	False	True
あじのせんせい 表情	https://medibangpaint.com/wp-content/uploads/2022/06/bb475efe0839fe34e5c00cc219e193a5.jpg	https://medibangpaint.com/use/2022/11/how-to-practice-facial-expressions/	0	0.428571433	False	True
あじのせんせい 表情	https://medibangpaint.com/wp-content/uploads/2022/08/h1b.png	https://medibangpaint.com/use/2022/11/how-to-practice-facial-expressions/	0	0.428571433	False	True
アニメ風の可愛い犬	https://img.freepik.com/free-photo/portrait-cute-dog-anime-style_23-2151382122.jpg?t=st=1728715021~exp=1728718621~hmac=62c1953f7aaac7726b5058e986080c6d4c7b4df2bb7e34d8654bbc35db2d31bb&w=1060	https://jp.freepik.com/free-ai-image/portrait-cute-dog-anime-style_168924394.htm	0.137931034	0.5862069	False	True
アニメ風の可愛い犬	https://img.freepik.com/free-photo/portrait-cute-dog-anime-style_23-2151382134.jpg?t=st=1737674217~exp=1737677817~hmac=d23ee02c5568c52711289fabe07de006021230b24bb9be8eb5293dce65d8e49f&w=996	https://jp.freepik.com/free-ai-image/portrait-cute-dog-anime-style_168925249.htm	0.137931034	0.5862069	False	True
アニメ風の可愛い犬	https://img.freepik.com/free-photo/portrait-cute-dog-anime-style_23-2151382085.jpg	https://jp.freepik.com/free-ai-image/portrait-cute-dog-anime-style_168924185.htm	0.137931034	0.5862069	True	True
アニメ風の可愛い犬	https://img.freepik.com/free-photo/portrait-cute-dog-anime-style_23-2151382145.jpg?t=st=1731800625~exp=1731804225~hmac=f4577a21df9ebf1c549ecf0fb1325b5af94bb5b28cf4c72b48d121ffc1f1ebec&w=1060	https://jp.freepik.com/free-ai-image/portrait-cute-dog-anime-style_168924293.htm	0.137931034	0.5862069	False	True
アニメ風の可愛い犬	https://img.freepik.com/free-photo/portrait-cute-dog-anime-style_23-2151382122.jpg?t=st=1728715021~exp=1728718621~hmac=62c1953f7aaac7726b5058e986080c6d4c7b4df2bb7e34d8654bbc35db2d31bb&w=1480	https://jp.freepik.com/free-ai-image/portrait-cute-dog-anime-style_168924394.htm	0.137931034	0.5862069	False	True
アニメ風の可愛い犬	https://img.freepik.com/free-photo/portrait-cute-dog-anime-style_23-2151382145.jpg?t=st=1731800625~exp=1731804225~hmac=f4577a21df9ebf1c549ecf0fb1325b5af94bb5b28cf4c72b48d121ffc1f1ebec&w=1800	https://jp.freepik.com/free-ai-image/portrait-cute-dog-anime-style_168924293.htm	0.137931034	0.5862069	False	True
アニメ風の可愛い犬	https://img.freepik.com/free-photo/portrait-cute-dog-anime-style_23-2151382124.jpg?t=st=1728711267~exp=1728714867~hmac=4569cf734072ada8329488f69feede2f47a2b909c3573147c14fd6c3becf3ee5&w=1060	https://jp.freepik.com/free-ai-image/portrait-cute-dog-anime-style_168924227.htm	0.137931034	0.5862069	False	True
アニメ風の可愛い犬	https://img.freepik.com/free-photo/portrait-cute-dog-anime-style_23-2151382135.jpg?t=st=1731815798~exp=1731819398~hmac=9c5c58567666cd6a83bc3b74b13caa6f73dfc06eb48b6157789da3f90ecf58d1&w=996	https://jp.freepik.com/free-ai-image/portrait-cute-dog-anime-style_168924257.htm	0.137931034	0.5862069	False	True
アニメ風の可愛い犬	https://img.freepik.com/free-photo/portrait-cute-dog-anime-style_23-2151382145.jpg?t=st=1731800625~exp=1731804225~hmac=f4577a21df9ebf1c549ecf0fb1325b5af94bb5b28cf4c72b48d121ffc1f1ebec&w=996	https://jp.freepik.com/free-ai-image/portrait-cute-dog-anime-style_168924293.htm	0.137931034	0.5862069	False	True
アニメ風の可愛い犬	https://img.freepik.com/free-photo/portrait-cute-dog-anime-style_23-2151382124.jpg?t=st=1728711267~exp=1728714867~hmac=4569cf734072ada8329488f69feede2f47a2b909c3573147c14fd6c3becf3ee5&w=1800	https://jp.freepik.com/free-ai-image/portrait-cute-dog-anime-style_168924227.htm	0.137931034	0.5862069	False	True
アニメ風の可愛い犬	https://img.freepik.com/free-photo/portrait-cute-dog-anime-style_23-2151382133.jpg?t=st=1739687629~exp=1739691229~hmac=004130ae2a038d04248d2c262dc85ee3c9c9d4b921536b28d72c4bf046c83eba&w=2000	https://jp.freepik.com/free-ai-image/portrait-cute-dog-anime-style_168924396.htm	0.137931034	0.5862069	False	True
アニメ風の可愛い犬	https://img.freepik.com/premium-vector/cute-cartoon-dogs-set_1305385-9267.jpg	https://jp.freepik.com/premium-vector/cute-cartoon-dogs-set_275986999.htm	0.137931034	0.5862069	True	False
アニメ風の可愛い犬	https://img.freepik.com/premium-photo/cute-anime-dog-hound-playing-with-paint-brush-palette-animated-illustration_776894-18354.jpg	https://jp.freepik.com/premium-ai-image/cute-anime-dog-hound-playing-with-paint-brush-palette-animated-illustration_139302431.htm	0.137931034	0.5862069	True	False
アニメ風の可愛い犬	https://img.freepik.com/free-photo/portrait-cute-dog-anime-style_23-2151382124.jpg?t=st=1728711267~exp=1728714867~hmac=4569cf734072ada8329488f69feede2f47a2b909c3573147c14fd6c3becf3ee5&w=740	https://jp.freepik.com/free-ai-image/portrait-cute-dog-anime-style_168924227.htm	0.137931034	0.5862069	False	True
アニメ風の可愛い犬	https://img.freepik.com/free-photo/portrait-cute-dog-anime-style_23-2151382141.jpg?w=2000	https://jp.freepik.com/free-photo/portrait-of-cute-dog-in-anime-style_168924298.htm	0.137931034	0.5862069	False	True
アニメ風の可愛い犬	https://img.freepik.com/free-photo/portrait-cute-dog-anime-style_23-2151382124.jpg?semt=ais_hybrid&w=740	https://jp.freepik.com/photos/犬-イラスト	0.137931034	0.5862069	True	False
アニメ風の可愛い犬	https://img.freepik.com/free-photo/portrait-cute-dog-anime-style_23-2151382121.jpg?semt=ais_items_boosted&w=740	https://jp.freepik.com/free-photos-vectors/水彩風アニメ壁紙	0.137931034	0.5862069	True	False
アニメ風の可愛い犬	https://img.freepik.com/free-photo/portrait-cute-dog-anime-style_23-2151382124.jpg?t=st=1728711267~exp=1728714867~hmac=4569cf734072ada8329488f69feede2f47a2b909c3573147c14fd6c3becf3ee5&w=826	https://jp.freepik.com/free-ai-image/portrait-cute-dog-anime-style_168924227.htm	0.137931034	0.5862069	False	True
アニメ風の可愛い犬	https://img.freepik.com/free-photo/portrait-cute-dog-anime-style_23-2151382135.jpg?t=st=1731815798~exp=1731819398~hmac=9c5c58567666cd6a83bc3b74b13caa6f73dfc06eb48b6157789da3f90ecf58d1&w=1800	https://jp.freepik.com/free-ai-image/portrait-cute-dog-anime-style_168924257.htm	0.137931034	0.5862069	False	True
アニメ風の可愛い犬	https://img.freepik.com/free-photo/portrait-cute-dog-anime-style_23-2151382133.jpg?t=st=1739687629~exp=1739691229~hmac=004130ae2a038d04248d2c262dc85ee3c9c9d4b921536b28d72c4bf046c83eba&w=996	https://jp.freepik.com/free-ai-image/portrait-cute-dog-anime-style_168924396.htm	0.137931034	0.5862069	False	True
アニメ風の可愛い犬	https://img.freepik.com/free-photo/portrait-cute-dog-anime-style_23-2151382133.jpg?t=st=1739687629~exp=1739691229~hmac=004130ae2a038d04248d2c262dc85ee3c9c9d4b921536b28d72c4bf046c83eba&w=1380	https://jp.freepik.com/free-ai-image/portrait-cute-dog-anime-style_168924396.htm	0.137931034	0.5862069	False	True
アニメ風の可愛い犬	https://img.freepik.com/free-photo/portrait-cute-dog-anime-style_23-2151382133.jpg?t=st=1739687629~exp=1739691229~hmac=004130ae2a038d04248d2c262dc85ee3c9c9d4b921536b28d72c4bf046c83eba&w=1480	https://jp.freepik.com/free-ai-image/portrait-cute-dog-anime-style_168924396.htm	0.137931034	0.5862069	False	True
アニメ風の可愛い犬	https://i.ytimg.com/vi/oa23YYuPRw0/maxresdefault.jpg	https://www.youtube.com/watch?v=oa23YYuPRw0	0.137931034	0.5862069	True	True
アニメ風の可愛い犬	https://t.pimg.jp/112/143/730/1/112143730.jpg	https://pixta.jp/illustration/112143730	0.137931034	0.5862069	True	True
アニメ風の可愛い犬	https://img.freepik.com/free-photo/portrait-cute-dog-anime-style_23-2151382122.jpg?t=st=1728715021~exp=1728718621~hmac=62c1953f7aaac7726b5058e986080c6d4c7b4df2bb7e34d8654bbc35db2d31bb&w=826	https://jp.freepik.com/free-ai-image/portrait-cute-dog-anime-style_168924394.htm	0.137931034	0.5862069	False	True
アニメ風の可愛い犬	https://img.freepik.com/free-photo/portrait-cute-dog-anime-style_23-2151382135.jpg?t=st=1731815798~exp=1731819398~hmac=9c5c58567666cd6a83bc3b74b13caa6f73dfc06eb48b6157789da3f90ecf58d1&w=900	https://jp.freepik.com/free-ai-image/portrait-cute-dog-anime-style_168924257.htm	0.137931034	0.5862069	False	True
アニメ風の可愛い犬	https://img.freepik.com/free-photo/portrait-cute-dog-anime-style_23-2151382153.jpg?t=st=1731110420~exp=1731114020~hmac=4f0048e0e50364c173a94b4818a32a69e5dbd255f0e300a6113ea897add4c166&w=2000	https://jp.freepik.com/free-ai-image/portrait-cute-dog-anime-style_168924393.htm	0.137931034	0.5862069	False	True
アニメ風の可愛い犬	https://img.freepik.com/free-photo/portrait-cute-dog-anime-style_23-2151382145.jpg?t=st=1731800625~exp=1731804225~hmac=f4577a21df9ebf1c549ecf0fb1325b5af94bb5b28cf4c72b48d121ffc1f1ebec&w=2000	https://jp.freepik.com/free-ai-image/portrait-cute-dog-anime-style_168924293.htm	0.137931034	0.5862069	False	True
アニメ風の可愛い犬	https://img.freepik.com/free-photo/portrait-cute-dog-anime-style_23-2151382135.jpg?t=st=1731815798~exp=1731819398~hmac=9c5c58567666cd6a83bc3b74b13caa6f73dfc06eb48b6157789da3f90ecf58d1&w=360	https://jp.freepik.com/free-ai-image/portrait-cute-dog-anime-style_168924257.htm	0.137931034	0.5862069	False	True
アニメ風の可愛い犬	https://img.freepik.com/free-photo/portrait-cute-dog-anime-style_23-2151382135.jpg?t=st=1731815798~exp=1731819398~hmac=9c5c58567666cd6a83bc3b74b13caa6f73dfc06eb48b6157789da3f90ecf58d1&w=826	https://jp.freepik.com/free-ai-image/portrait-cute-dog-anime-style_168924257.htm	0.137931034	0.5862069	False	True
アニメ風の可愛い犬	https://img.freepik.com/free-photo/portrait-cute-dog-anime-style_23-2151382145.jpg?t=st=1731800625~exp=1731804225~hmac=f4577a21df9ebf1c549ecf0fb1325b5af94bb5b28cf4c72b48d121ffc1f1ebec&w=900	https://jp.freepik.com/free-ai-image/portrait-cute-dog-anime-style_168924293.htm	0.137931034	0.5862069	False	True
アニメ風の可愛い犬	https://img.freepik.com/free-photo/portrait-cute-dog-anime-style_23-2151382135.jpg?t=st=1731815798~exp=1731819398~hmac=9c5c58567666cd6a83bc3b74b13caa6f73dfc06eb48b6157789da3f90ecf58d1&w=1380	https://jp.freepik.com/free-ai-image/portrait-cute-dog-anime-style_168924257.htm	0.137931034	0.5862069	False	True
アニメ風の可愛い犬	https://img.freepik.com/free-photo/portrait-cute-dog-anime-style_23-2151382124.jpg?t=st=1728711267~exp=1728714867~hmac=4569cf734072ada8329488f69feede2f47a2b909c3573147c14fd6c3becf3ee5&w=2000	https://jp.freepik.com/free-ai-image/portrait-cute-dog-anime-style_168924227.htm	0.137931034	0.5862069	False	True
アニメ風の可愛い犬	https://img.freepik.com/free-photo/portrait-cute-dog-anime-style_23-2151382133.jpg?t=st=1739687629~exp=1739691229~hmac=004130ae2a038d04248d2c262dc85ee3c9c9d4b921536b28d72c4bf046c83eba&w=1800	https://jp.freepik.com/free-ai-image/portrait-cute-dog-anime-style_168924396.htm	0.137931034	0.5862069	False	True
アニメ風の可愛い犬	https://image1.rank-king.jp/item/image/original/7573824.png.webp	https://rank-king.jp/article/21207	0.137931034	0.5862069	True	True
アニメ風の可愛い犬	https://img.freepik.com/free-photo/portrait-cute-dog-anime-style_23-2151382135.jpg?t=st=1731815798~exp=1731819398~hmac=9c5c58567666cd6a83bc3b74b13caa6f73dfc06eb48b6157789da3f90ecf58d1&w=740	https://jp.freepik.com/free-ai-image/portrait-cute-dog-anime-style_168924257.htm	0.137931034	0.5862069	False	True
アニメ風の可愛い犬	https://img.freepik.com/free-photo/portrait-cute-dog-anime-style_23-2151382122.jpg?t=st=1728715021~exp=1728718621~hmac=62c1953f7aaac7726b5058e986080c6d4c7b4df2bb7e34d8654bbc35db2d31bb&w=1800	https://jp.freepik.com/free-ai-image/portrait-cute-dog-anime-style_168924394.htm	0.137931034	0.5862069	False	True
アニメ風の可愛い犬	https://img.freepik.com/free-photo/portrait-cute-dog-anime-style_23-2151382145.jpg?t=st=1731800625~exp=1731804225~hmac=f4577a21df9ebf1c549ecf0fb1325b5af94bb5b28cf4c72b48d121ffc1f1ebec&w=1480	https://jp.freepik.com/free-ai-image/portrait-cute-dog-anime-style_168924293.htm	0.137931034	0.5862069	False	True
